5.039259433746338,5.014352321624756,1,0.00997026183134081
3.4609227180480957,3.4563000202178955,2,0.009948127553728033
2.60329270362854,2.603708505630493,3,0.00992118362639336
2.0500521659851074,2.051703929901123,4,0.009889461290748176
1.6634678840637207,1.6679807901382446,5,0.009852996446490922
1.3820641040802002,1.3855526447296143,6,0.009811829606861068
1.178085446357727,1.1814340353012085,7,0.009766005849429472
1.0255131721496582,1.027267336845398,8,0.009715574762482634
0.9142975211143494,0.9160922765731812,9,0.009660590387062502
0.8267311453819275,0.8279847502708435,10,0.009601111154727787
0.7656419277191162,0.7665614485740662,11,0.009537199821106727
0.7178148031234741,0.7189225554466248,12,0.00946892339531528
0.683767557144165,0.6850970387458801,13,0.009396353065318677
0.6567884087562561,0.6561393141746521,14,0.009319564119318132
0.6390267014503479,0.6381485462188721,15,0.009238635863248194
0.6234460473060608,0.6233343482017517,16,0.009153651534473957
0.6142805218696594,0.6130399107933044,17,0.009064698211780894
0.6062659025192261,0.6055040955543518,18,0.008971866721753579
0.6019563674926758,0.6016240119934082,19,0.008875251541642851
0.5948358774185181,0.5939012765884399,20,0.008774950698824372
0.5923463702201843,0.590894341468811,21,0.008671065666954567
0.5894061326980591,0.5883992910385132,22,0.008563701258933035
0.5872023701667786,0.585875391960144,23,0.00845296551678347
0.5863719582557678,0.585096538066864,24,0.00833896959856793
0.5854906439781189,0.5840771198272705,25,0.008221827662451947
0.5862557291984558,0.5845819115638733,26,0.008101656748040623
0.5863944292068481,0.5856647491455078,27,0.0079785766551083
0.582938551902771,0.5816806554794312,28,0.007852709819846617
0.5825434327125549,0.5813868641853333,29,0.007724181188758135
0.5816759467124939,0.5797641277313232,30,0.0075931180903246005
0.5818591117858887,0.5799169540405273,31,0.00745965010458105
0.5833733081817627,0.5819226503372192,32,0.0073239089307285486
0.5828338861465454,0.5813580751419067,33,0.007186028252920204
0.5847986340522766,0.5832197666168213,34,0.007046143604356565
0.5832769870758057,0.5818065404891968,35,0.006904392229827848
0.5821893215179443,0.5805624723434448,36,0.006760912946841831
0.5813741087913513,0.5802044868469238,37,0.006615846005477228
0.5818964838981628,0.5803725719451904,38,0.006469332947103437
0.5807369947433472,0.5793576240539551,39,0.00632151646210835
0.5810460448265076,0.5794748663902283,40,0.00617254024677661
0.5806921124458313,0.5789837837219238,41,0.0060225488594612565
0.5834400653839111,0.581611692905426,42,0.005871687576192132
0.579967200756073,0.5784117579460144,43,0.0057201022458646415
0.5806611776351929,0.5791155099868774,44,0.005567939145152662
0.580663800239563,0.5789106488227844,45,0.005415344833289303
0.5797092318534851,0.5784286260604858,46,0.005262466006859099
0.5792694091796875,0.5771710276603699,47,0.005109449354744952
0.5812036395072937,0.5796276926994324,48,0.004956441413372612
0.5814763307571411,0.5800166130065918,49,0.004803588422395009
0.5799558758735657,0.5785046815872192,50,0.004651036180957948
0.5800801515579224,0.5783196091651917,51,0.004498929904687869
0.5794973969459534,0.5778995752334595,52,0.004347414083541373
0.5804112553596497,0.5786544680595398,53,0.004196632340655046
0.5802757740020752,0.5786436796188354,54,0.004046727292332938
0.5805677771568298,0.5793352127075195,55,0.0038978404093075393
0.580532968044281,0.5790858268737793,56,0.0037501118794086704
0.580420970916748,0.5788174867630005,57,0.0036036804717729807
0.5802251100540161,0.5784505009651184,58,0.0034586834027250128
0.579918622970581,0.5784231424331665,59,0.0033152562034588023
0.5795789957046509,0.5778763890266418,60,0.003173532589647054
0.5794131755828857,0.5778806209564209,61,0.003033644333102703
0.579708993434906,0.5781566500663757,62,0.002895721135615372
0.5796485543251038,0.5779666900634766,63,0.002759890505082981
0.5796143412590027,0.5778939723968506,64,0.002626277634056053
0.5806543827056885,0.5791950821876526,65,0.0024950052808098496
0.5796220302581787,0.5778558254241943,66,0.0023661936530566096
0.5804104804992676,0.5786892771720886,67,0.0022399602944073666
0.5796188712120056,0.5777290463447571,68,0.0021164199736899403
0.5793762803077698,0.5779798626899719,69,0.0019956845772265727
0.5796377658843994,0.5780197381973267,70,0.0018778630041716452
0.5798905491828918,0.5781126022338867,71,0.001763061065006635
0.579228401184082,0.5774615406990051,72,0.0016513813832861588
0.5793386101722717,0.5775623321533203,73,0.0015429233007255934
0.5798266530036926,0.5783470869064331,74,0.0014377827857172598
0.5794521570205688,0.5777916312217712,75,0.0013360523453585774
0.5796008706092834,0.5779147744178772,76,0.0012378209410720184
0.5791928172111511,0.5774690508842468,77,0.0011431739078929409
0.5794124007225037,0.5777712464332581,78,0.0010521928774976145
0.5791714787483215,0.5775391459465027,79,0.0009649557050399477
0.5793846249580383,0.5778606534004211,80,0.0008815363998614811
0.5791040658950806,0.57737135887146,81,0.0008020050601353085
0.5792609453201294,0.577557384967804,82,0.000726427811500549
0.5790890455245972,0.5773769021034241,83,0.0006548667497399607
0.5791720747947693,0.577505886554718,84,0.0005873798875491664
0.579107403755188,0.5774431228637695,85,0.0005240211054418799
0.5791844725608826,0.5774405002593994,86,0.00046484010683128205
0.579068124294281,0.5773361325263977,87,0.0004098823773235482
0.5791095495223999,0.5774093866348267,88,0.00035918914825527583
0.5794203877449036,0.5776991844177246,89,0.00031279736450230407
0.5792877674102783,0.5775796175003052,90,0.000270739656583171
0.5792557597160339,0.5775153636932373,91,0.0002330443170761432
0.5790534615516663,0.5773555040359497,92,0.00019973528136447435
0.5791977047920227,0.5774853825569153,93,0.00017083211272024112
0.5790279507637024,0.5773393511772156,94,0.00014634999173280345
0.5791792869567871,0.5774509906768799,95,0.000126299710083635
0.5791121125221252,0.5773633718490601,96,0.0001106876686649897
0.5790525674819946,0.5773544907569885,97,9.951588003556396e-05
0.5790418386459351,0.5773351192474365,98,9.278197520206849e-05
0.5791141986846924,0.5774137377738953,99,9.04792147113709e-05
0.5790846347808838,0.5773906111717224,100,9.259650403363955e-05
0.5791682600975037,0.5774500370025635,101,9.91184132127379e-05
0.5791372060775757,0.5774522423744202,102,0.00011002520075593602
0.5791576504707336,0.5774438977241516,103,0.00012529284173089792
0.5790625214576721,0.5773492455482483,104,0.00014489306003380052
0.5790894627571106,0.5773719549179077,105,0.0001687933647884002
0.5792183876037598,0.577518105506897,106,0.0001969570908318687
0.5792109370231628,0.5774906873703003,107,0.00022934344323928007
0.5790714621543884,0.5774002075195312,108,0.000265907545834719
0.5791846513748169,0.5775406360626221,109,0.00030660049363318313
0.5790954232215881,0.5773618817329407,110,0.0003513694091536549
0.5792798399925232,0.577579140663147,111,0.0004001575025400356
0.5792034864425659,0.5776592493057251,112,0.0004529041354229988
0.5791938900947571,0.577572762966156,113,0.0005095448884522496
0.5792586207389832,0.5775254964828491,114,0.0005700116324252206
0.5790392160415649,0.5773142576217651,115,0.0006342326029347993
0.5788562297821045,0.5771899223327637,116,0.000702132478455415
0.5791488885879517,0.5774235129356384,117,0.0007736324617835059
0.5791700482368469,0.5774425864219666,118,0.000848650364745328
0.5791864395141602,0.577495276927948,119,0.0009271006960819525
0.5792238116264343,0.5776521563529968,120,0.0010088947524183802
0.5789801478385925,0.5773070454597473,121,0.001093940712220813
0.5786597728729248,0.5770492553710938,122,0.0011821437326434195
0.5794722437858582,0.5778112411499023,123,0.0012734060491631975
0.5794068574905396,0.5777904987335205,124,0.001367627077899062
0.5792669057846069,0.5773822069168091,125,0.0014647035205088
0.57933509349823,0.5778356194496155,126,0.0015645294715552203
0.5791689157485962,0.5772159695625305,127,0.0016669965282306199
0.5794519782066345,0.5778207182884216,128,0.0017719939023265257
0.5797023773193359,0.5779149532318115,129,0.0018794085343337753
0.580027163028717,0.578187108039856,130,0.0019891252095560205
0.5790572166442871,0.5774705410003662,131,0.0021010266761180827
0.5788145065307617,0.5769489407539368,132,0.0022149937647488642
0.5793421864509583,0.5775043964385986,133,0.0023309055102171197
0.5800060033798218,0.5780502557754517,134,0.0024486392742968646
0.5797350406646729,0.5781128406524658,135,0.00256807087013807
0.5789715647697449,0.5772170424461365,136,0.002689074687917044
0.5794420838356018,0.5778645277023315,137,0.0028115238216400032
0.5791108012199402,0.577297031879425,138,0.0029352901969723123
0.5799441933631897,0.5783376097679138,139,0.003060244699965242
0.5800652503967285,0.5784373879432678,140,0.00318625730655139
0.5793906450271606,0.5780770182609558,141,0.003313197212679436
0.5799283981323242,0.5780894160270691,142,0.0034409329649585083
0.5792941451072693,0.5774248838424683,143,0.0035693325916822567
0.5787094831466675,0.5771204829216003,144,0.0036982637341024982
0.5795345902442932,0.5781201124191284,145,0.003827593777822443
0.5795693397521973,0.5778848528862,146,0.003957189984179557
0.5810197591781616,0.5794985890388489,147,0.004086919621488429
0.579730212688446,0.5781965255737305,148,0.00421665009601442
0.5793150067329407,0.5777512788772583,149,0.004346249082549333
0.5797237157821655,0.577846884727478,150,0.004475584654461081
0.5793095827102661,0.5771360993385315,151,0.004604525413090021
0.5802573561668396,0.5789048075675964,152,0.0047329406163655946
0.582100510597229,0.5804101228713989,153,0.0048607003065178536
0.5798712968826294,0.5783237218856812,154,0.004987675436759732
0.5805882811546326,0.5784984827041626,155,0.005113737996816976
0.5794192552566528,0.577908992767334,156,0.0052387611371842654
0.5804588198661804,0.5784518718719482,157,0.0053626192919873725
0.581076443195343,0.5798029899597168,158,0.005485188300332924
0.5800870060920715,0.5784580111503601,159,0.005606345526029033
0.5805692672729492,0.5789545178413391,160,0.005725969975561889
0.5805926322937012,0.5784801840782166,161,0.005843942414215363
0.5806112885475159,0.5785502791404724,162,0.005960145480222769
0.5785759091377258,0.5769535899162292,163,0.006074463796842019
0.5802968144416809,0.578610897064209,164,0.006186784082247767
0.580154538154602,0.5783805251121521,165,0.00629699525713639
0.5817930698394775,0.5801283121109009,166,0.006404988549942236
0.5805400013923645,0.5786402225494385,167,0.0065106575995660795
0.5811381340026855,0.5794031023979187,168,0.006613898555519323
0.5795402526855469,0.577799916267395,169,0.006714610175390329
0.5805621147155762,0.5788151621818542,170,0.00681269391954203
0.5820661783218384,0.5800197720527649,171,0.006908054042952885
0.581877589225769,0.5803229212760925,172,0.007000597684116278
0.5812446475028992,0.580141007900238,173,0.007090234950916482
0.5812738537788391,0.5792710781097412,174,0.007176879003402502
0.5805965065956116,0.5788296461105347,175,0.0072604461333842865
0.5808185338973999,0.5789504051208496,176,0.007340855840779119
0.5800209641456604,0.577768862247467,177,0.007418030906639367
0.5809000134468079,0.5790694952011108,178,0.007491897462796083
0.5815297961235046,0.5795285105705261,179,0.007562385058056581
0.5821670889854431,0.580498218536377,180,0.007629426720897451
0.5812286734580994,0.5802724361419678,181,0.007692959018598236
0.5814674496650696,0.580184280872345,182,0.00775292211276447
0.5850182771682739,0.5835380554199219,183,0.007809259811192514
0.5809006690979004,0.5793484449386597,184,0.007861919616032328
0.5805565714836121,0.5785284638404846,185,0.007910852768208031
0.579097330570221,0.5775414705276489,186,0.007956014288059914
0.583930253982544,0.5825774073600769,187,0.007997363012175327
0.5823893547058105,0.5811014771461487,188,0.008034861626379718
0.5829469561576843,0.5810459852218628,189,0.008068476694862955
0.5805530548095703,0.5789744853973389,190,0.008098178685419885
0.5802074670791626,0.578707754611969,191,0.00812394199078802
0.5833243727684021,0.5822080969810486,192,0.00814574494606906
0.5801852345466614,0.578781008720398,193,0.008163569842224917
0.5833938121795654,0.5819222331047058,194,0.00817740293564275
0.5818499326705933,0.5806645750999451,195,0.008187234453767442
0.5812514424324036,0.579405665397644,196,0.008193058596803813
0.582382321357727,0.5815545916557312,197,0.008194873535494737
0.5803068280220032,0.5791769027709961,198,0.008192681404985231
0.5817288756370544,0.580741286277771,199,0.008186488294786355
0.5815529823303223,0.5799136161804199,200,0.008176304234856666
0.582902729511261,0.5813489556312561,201,0.008162143177822672
0.5815461277961731,0.5796216726303101,202,0.008144022977363616
0.5805965065956116,0.5798989534378052,203,0.008121965362789528
0.5820767879486084,0.58017498254776,204,0.00809599590984527
0.585867702960968,0.5844767689704895,205,0.008066144007776948
0.580551028251648,0.5793516039848328,206,0.008032442822700632
0.5820178389549255,0.5805535316467285,207,0.007994929257316945
0.5810419321060181,0.5794152021408081,208,0.007953643907018582
0.5816242694854736,0.5797010064125061,209,0.007908631012441275
0.5809318423271179,0.5791338682174683,210,0.007859938408512174
0.5813535451889038,0.5801862478256226,211,0.007807617470052875
0.5805078148841858,0.5789101123809814,212,0.007751723053997721
0.5810753107070923,0.5790082812309265,213,0.007692313438291125
0.5816153883934021,0.5802589058876038,214,0.0076294502575308815
0.580559492111206,0.5791133046150208,215,0.007563198435427481
0.5809965133666992,0.5794218182563782,216,0.007493626114152424
0.5808186531066895,0.5793343782424927,217,0.007420804580651513
0.581959068775177,0.5800299644470215,218,0.0073448081900018905
0.580644428730011,0.5789893865585327,219,0.007265714285894375
0.5814104676246643,0.5796105861663818,220,0.007183603118325306
0.5813308954238892,0.5793125033378601,221,0.007098557758584739
0.5808514356613159,0.5785933136940002,222,0.007010664011630246
0.582729160785675,0.5805589556694031,223,0.006920010325938057
0.5812180042266846,0.5795004367828369,224,0.006826687700925565
0.5820038914680481,0.5805507898330688,225,0.006730789592041352
0.5800623297691345,0.5784196853637695,226,0.0066324118136211465
0.5798054933547974,0.5776925683021545,227,0.006531652439609978
0.5799198746681213,0.5780850648880005,228,0.006428611702252824
0.5817617774009705,0.5800451636314392,229,0.00632339188885774
0.5799226760864258,0.5784972906112671,230,0.0062160972367372854
0.5808620452880859,0.5791326761245728,231,0.006106833826435459
0.5795928835868835,0.577916145324707,232,0.005995709473349052
0.5814377665519714,0.5796833038330078,233,0.005882833617853532
0.5810381770133972,0.5795842409133911,234,0.005768317214044877
0.5799487829208374,0.578446090221405,235,0.005652272617209957
0.581161379814148,0.5796545743942261,236,0.00553481347013902
0.5792774558067322,0.5774566531181335,237,0.005416054588394842
0.5793927311897278,0.5774719715118408,238,0.005296111844653803
0.5808170437812805,0.5789798498153687,239,0.00517510205223493
0.5802634358406067,0.5786234140396118,240,0.005053142847933437
0.5785540342330933,0.576521635055542,241,0.004930352574275849
0.5806117057800293,0.5791867971420288,242,0.004806850161313934
0.5798949003219604,0.5780550837516785,243,0.004682755008075203
0.5801765322685242,0.5781792998313904,244,0.004558186863787502
0.5815567970275879,0.5798860192298889,245,0.004433265708995465
0.5816623568534851,0.5799935460090637,246,0.004308111636686314
0.5807334780693054,0.5793749094009399,247,0.004182844733542327
0.5796892046928406,0.5778385400772095,248,0.004057584961436927
0.5801478028297424,0.5781111717224121,249,0.003932452039290804
0.5798311233520508,0.5784070491790771,250,0.003807565325404005
0.5795778632164001,0.5778857469558716,251,0.0036830437003791535
0.5801578164100647,0.5781048536300659,252,0.0035590054507500797
0.5792751312255859,0.5778606534004211,253,0.00343556815342944
0.5794925689697266,0.577987015247345,254,0.0033128485610876062
0.5798375606536865,0.578302800655365,255,0.003190962488574141
0.5793306827545166,0.5776613354682922,256,0.0030700247004918323
0.5799333453178406,0.5780520439147949,257,0.0029501488000319674
0.5795090198516846,0.5772443413734436,258,0.002831447119178016
0.5801776051521301,0.5785085558891296,259,0.002714030610383334
0.5793358087539673,0.5777910947799683,260,0.0025980087398268657
0.5804784297943115,0.5788736343383789,261,0.0024834893823490255
0.5800416469573975,0.5782709121704102,262,0.0023705787181680675
0.5793729424476624,0.5775721073150635,263,0.0022593811314753805
0.5796437859535217,0.577945351600647,264,0.0021499991110059055
0.5794294476509094,0.5779474973678589,265,0.0020425331526779966
0.5794106721878052,0.5775827169418335,266,0.0019370816643945697
0.5800672173500061,0.5785300731658936,267,0.0018337408730952115
0.5794697999954224,0.5777556300163269,268,0.0017326047341464754
0.579553484916687,0.5776693224906921,269,0.0016337648431551
0.5792667865753174,0.5776117444038391,270,0.0015373103502863534
0.5796961188316345,0.578125536441803,271,0.0014433278771670355
0.5795478224754333,0.5780351161956787,272,0.0013519014364500206
0.5790729522705078,0.5774365067481995,273,0.0012631123541143182
0.5797990560531616,0.5780201554298401,274,0.0011770391945719648
0.5791623592376709,0.5773576498031616,275,0.0010937576886499835
0.5793113112449646,0.577700674533844,276,0.00101334066451275
0.5792974829673767,0.5776270627975464,277,0.0009358579815870731
0.5791314244270325,0.5775642991065979,278,0.0008613764675491799
0.5794210433959961,0.5777650475502014,279,0.0007899598584296852
0.5789841413497925,0.5771341919898987,280,0.0007216687418894123
0.5792979598045349,0.5776754021644592,281,0.0006565605037157134
0.5795546770095825,0.5779392719268799,282,0.0005946892775856501
0.579337477684021,0.5774796009063721,283,0.0005361058981390961
0.579031229019165,0.577373206615448,284,0.0004808578574014165
0.5790756344795227,0.5774422883987427,285,0.00042898926459209445
0.5792648792266846,0.5775749683380127,286,0.00038054080935215177
0.5791382789611816,0.5774455666542053,287,0.00033554972841984276
0.579018235206604,0.577366828918457,288,0.0002940497757806097
0.5791093707084656,0.5773921608924866,289,0.0002560711963138138
0.5792099237442017,0.5775085091590881,290,0.0002216407029552607
0.5792424082756042,0.5775343775749207,291,0.0001907814573910326
0.5790653824806213,0.5773751139640808,292,0.00016351305429461327
0.5791212320327759,0.5773820877075195,293,0.0001398515091157873
0.5791899561882019,0.5775049924850464,294,0.00011980924942626712
0.5790711045265198,0.5773802399635315,295,0.00010339510982345841
0.5790793299674988,0.5773613452911377,296,9.061433039031288e-05
0.5790505409240723,0.5773640275001526,297,8.146855870565075e-05
0.5790168642997742,0.5773153901100159,298,7.595585539588914e-05
0.5790576934814453,0.5773470401763916,299,7.407070321560993e-05
0.5791289806365967,0.5774040818214417,300,7.580401964095277e-05
0.5791123509407043,0.5774178504943848,301,8.114317295638762e-05
0.5790537595748901,0.5773306488990784,302,9.007200181199851e-05
0.5789922475814819,0.5772709846496582,303,0.00010257083822505113
0.5791050791740417,0.5773966312408447,304,0.00011861653399624888
0.5791487097740173,0.5774188041687012,305,0.00013818249050778414
0.5790234208106995,0.5773581862449646,306,0.000161238691867027
0.5791386961936951,0.5774334073066711,307,0.0001877517413564369
0.5791664123535156,0.5774660110473633,308,0.00021768490114712933
0.5791409015655518,0.5774450898170471,309,0.00025099813523037724
0.579218864440918,0.5775004029273987,310,0.0002876481555182385
0.5792818069458008,0.5775534510612488,311,0.00032758847106149355
0.5790343880653381,0.5773289203643799,312,0.00037076944033007054
0.5794628858566284,0.5777132511138916,313,0.00041713832649825476
0.5792820453643799,0.5775203704833984,314,0.00046663935567411313
0.5792073607444763,0.5775243043899536,315,0.0005192137780097621
0.5790542364120483,0.5772815346717834,316,0.0005747999316264592
0.5793462991714478,0.5776075124740601,317,0.0006333333092857427
0.578993022441864,0.5772192478179932,318,0.0006947466277353802
0.5794058442115784,0.5776805877685547,319,0.0007589698996563189
0.5793322920799255,0.5777423977851868,320,0.0008259305081344433
0.5793406963348389,0.5776628851890564,321,0.0008955532835785918
0.5792058706283569,0.5775462985038757,322,0.0009677605830040387
0.5794162750244141,0.5776490569114685,323,0.0010424723715984638
0.5794879794120789,0.5777698159217834,324,0.0011196063064853516
0.5794047117233276,0.5777249932289124,325,0.001199077822597762
0.5790927410125732,0.5773746967315674,326,0.0012808002205735097
0.5794331431388855,0.5779338479042053,327,0.0013646847565809406
0.5787541270256042,0.5771177411079407,328,0.0014506407339828894
0.5787238478660583,0.5770586729049683,329,0.0015385755967444973
0.5788412690162659,0.5774380564689636,330,0.0016283950244894811
0.5794997215270996,0.5779041051864624,331,0.0017200030291074583
0.5790119171142578,0.5771633386611938,332,0.0018133020528141302
0.5796183943748474,0.5779011845588684,333,0.0019081930675645482
0.5789555907249451,0.5773059129714966,334,0.0020045756757185403
0.5796175599098206,0.5779411792755127,335,0.0021023482118567114
0.5789639353752136,0.5772777795791626,336,0.0022014078456439093
0.5800880193710327,0.5781134366989136,337,0.002301650685636888
0.579755425453186,0.5782936811447144,338,0.0024029718839314908
0.5800462365150452,0.5783164501190186,339,0.0025052657415447427
0.5802833437919617,0.5784461498260498,340,0.002608425814426038
0.5803431868553162,0.5788483023643494,341,0.0027123450199918945
0.5794316530227661,0.5778624415397644,342,0.0028169157440777366
0.5799170732498169,0.5780727863311768,343,0.0029220299482006205
0.5794484615325928,0.5777002573013306,344,0.0030275792770263
0.5788151025772095,0.5771288871765137,345,0.003133455165934047
0.5792081356048584,0.5775189399719238,346,0.0032395489485731745
0.5797765851020813,0.5781504511833191,347,0.0033457519643047633
0.5804619193077087,0.5788999199867249,348,0.0034519556654231797
0.5807245969772339,0.5790899991989136,349,0.0035580517240515978
0.5800167322158813,0.5785143971443176,350,0.0036639321386071066
0.579346776008606,0.5773410201072693,351,0.0037694893397307756
0.579862117767334,0.5782809257507324,352,0.003874616295579582
0.5805853009223938,0.5788218975067139,353,0.0039792066163772885
0.5799546837806702,0.5783035159111023,354,0.004083154658122693
0.5790566205978394,0.5774573087692261,355,0.0041863556253546414
0.5806161165237427,0.5786828994750977,356,0.00428870567287406
0.5791853070259094,0.5776818990707397,357,0.004390102006325012
0.5811269879341125,0.5795917510986328,358,0.0044904429815374475
0.5788555145263672,0.5774118304252625,359,0.004589628202536453
0.5798329710960388,0.5781627893447876,360,0.004687558618123551
0.5804828405380249,0.5790579915046692,361,0.004784136616937957
0.5799295902252197,0.5779411196708679,362,0.004879266120906754
0.579861044883728,0.577791154384613,363,0.004972852676995067
0.5805812478065491,0.5792349576950073,364,0.005064803547169193
0.5802057385444641,0.5785393118858337,365,0.00515502779648722
0.5804468989372253,0.578656792640686,366,0.005243436379234274
0.5792325735092163,0.5776720643043518,367,0.005329942223020948
0.5811886191368103,0.5793560147285461,368,0.005414460310766331
0.5792751908302307,0.5771669745445251,369,0.005496907760488628
0.5813778638839722,0.579142689704895,370,0.005577203902829301
0.5799623727798462,0.5781829953193665,371,0.005655270356238535
0.5801302194595337,0.5778904557228088,372,0.005731031099752637
0.5825300216674805,0.5804946422576904,373,0.0058044125432962935
0.5810419321060181,0.579310417175293,374,0.005875343595445255
0.5793046951293945,0.5775449275970459,375,0.005943755728587732
0.5803502202033997,0.5783144235610962,376,0.006009583041425227
0.5800585746765137,0.5782365202903748,377,0.006072762318756657
0.580593466758728,0.5792012810707092,378,0.0061332330884919725
0.5796579718589783,0.5778356790542603,379,0.006190937675844741
0.5804178714752197,0.5791243314743042,380,0.006245821254655721
0.5816628932952881,0.5808478593826294,381,0.006297831895802557
0.5802589654922485,0.5786445140838623,382,0.006346920612653664
0.5805944800376892,0.5794944167137146,383,0.006393041403527302
0.5798647403717041,0.5784711837768555,384,0.00643615129111999
0.580834686756134,0.5789957642555237,385,0.006476210358871327
0.5804796814918518,0.5788974165916443,386,0.006513181784235549
0.580768883228302,0.5789563059806824,387,0.006547031868833065
0.5802698731422424,0.5787003636360168,388,0.006577730065458562
0.5813879370689392,0.5802509784698486,389,0.006605249001925207
0.580941915512085,0.578899085521698,390,0.006629564501727825
0.5802940130233765,0.5788015723228455,391,0.00665065560151095
0.5834700465202332,0.5816450119018555,392,0.006668504565330947
0.5797055959701538,0.5784415602684021,393,0.006683096895704517
0.5810311436653137,0.5791367292404175,394,0.006694421341439095
0.5813108682632446,0.5798205137252808,395,0.006702469902243874
0.5815404653549194,0.5799626111984253,396,0.006707237830123313
0.5802822709083557,0.5785013437271118,397,0.006708723627558214
0.5800549387931824,0.5785053372383118,398,0.006706929042482543
0.5796440243721008,0.5777861475944519,399,0.006701859060067401
0.5809991359710693,0.5795193910598755,400,0.006693521891326619
0.5805833339691162,0.5783999562263489,401,0.006681928958561562
0.5804265737533569,0.579239547252655,402,0.006667094877665837
0.5834715366363525,0.5822587013244629,403,0.006649037437313669
0.579820454120636,0.5785542726516724,404,0.006627777575058651
0.5808209776878357,0.5788950324058533,405,0.006603339350372709
0.5802924036979675,0.5784202218055725,406,0.006575749914657941
0.581072986125946,0.5798444747924805,407,0.006545039478267014
0.5826725363731384,0.5811686515808105,408,0.006511241274570644
0.5801778435707092,0.5788083672523499,409,0.006474391521113487
0.5807080268859863,0.5787190794944763,410,0.006434529377902661
0.5813076496124268,0.5792464017868042,411,0.006391696902875734
0.5796055793762207,0.5778691172599792,412,0.006345939004597789
0.5798763036727905,0.578575849533081,413,0.006297303392239809
0.583114743232727,0.5816113352775574,414,0.00624584052289313
0.5795953273773193,0.5780095458030701,415,0.006191603546277354
0.5803595185279846,0.5790203213691711,416,0.0061346482469014155
0.5801244974136353,0.5787674784660339,417,0.0060750329837400575
0.580727756023407,0.5790232419967651,418,0.0060128186274901445
0.5828059911727905,0.5815525650978088,419,0.0059480684954736325
0.5801885724067688,0.5782278180122375,420,0.00588084828425609
0.5802828073501587,0.5781362652778625,421,0.005811226000051887
0.5799255967140198,0.5782939195632935,422,0.005739271886989099
0.5790444612503052,0.5773946642875671,423,0.005665058353309261
0.5822155475616455,0.5804261565208435,424,0.005588659895578913
0.5796996355056763,0.5783553123474121,425,0.005510153020991635
0.5804561376571655,0.5795501470565796,426,0.005429616167841224
0.580488920211792,0.579125702381134,427,0.005347129624247982
0.5803881287574768,0.5787108540534973,428,0.005262775445221931
0.5792207717895508,0.5774323344230652,429,0.00517663736814809
0.5790062546730042,0.5773243308067322,430,0.005088800726780363
0.5793216228485107,0.5778946876525879,431,0.0049993523638319284
0.5812824368476868,0.5795432329177856,432,0.004908380542251165
0.5796661376953125,0.5777029395103455,433,0.004815974855273363
0.5812098979949951,0.5799475908279419,434,0.004722226135339301
0.5797832012176514,0.5778028964996338,435,0.004627226361973079
0.5799566507339478,0.5777326822280884,436,0.004531068568711892
0.5790498852729797,0.5771521329879761,437,0.004433846749181829
0.5791091918945312,0.5775741934776306,438,0.004335655762413771
0.5808786749839783,0.5796763896942139,439,0.004236591237494608
0.5816431045532227,0.5798645615577698,440,0.004136749477649051
0.5802479386329651,0.5787460803985596,441,0.0040362273638479
0.5800940990447998,0.5785256624221802,442,0.0039351222580388465
0.5799074769020081,0.5780764818191528,443,0.0038335319060959815
0.5792597532272339,0.5773867964744568,444,0.0037315543405845356
0.5799897313117981,0.5783069133758545,445,0.0036292877834369092
0.5790256857872009,0.5775550603866577,446,0.0035268305486365428
0.5798314809799194,0.5780442357063293,447,0.003424280945005299
0.5791362524032593,0.5775184631347656,448,0.003321737179190453
0.5794206857681274,0.5776541829109192,449,0.003219297258946288
0.5798708200454712,0.5781301856040955,450,0.0031170588968054275
0.5801084637641907,0.5786512494087219,451,0.00301511941423406
0.5804164409637451,0.578722357749939,452,0.0029135756463646344
0.579538106918335,0.5781757235527039,453,0.0028125238473990927
0.5804920792579651,0.5787813663482666,454,0.0027120595967743515
0.5794379115104675,0.5780110359191895,455,0.0026122777061814606
0.5792828798294067,0.5776417851448059,456,0.0025132721275281378
0.5794101357460022,0.577772319316864,457,0.002415135861933978
0.5791895985603333,0.5774681568145752,458,0.002317960869845738
0.5793514251708984,0.5772224068641663,459,0.002221837982359498
0.5789821743965149,0.5771318078041077,460,0.002126856813834529
0.5791471600532532,0.5771807432174683,461,0.002033105675882644
0.5798871517181396,0.578113853931427,462,0.0019406714928152582
0.5796447992324829,0.5778233408927917,463,0.001849639718628436
0.5783421993255615,0.5767433047294617,464,0.0017600942556050979
0.5791144371032715,0.5775355100631714,465,0.00167211737461115
0.5791043043136597,0.5774846076965332,466,0.0015857896371611468
0.5794935822486877,0.5778689980506897,467,0.0015011898193265268
0.5792040228843689,0.5773091912269592,468,0.0014183948375581599
0.5791105628013611,0.5774126052856445,469,0.00133747967649227
0.5790829658508301,0.577580451965332,470,0.0012585173188073106
0.5794612169265747,0.5778578519821167,471,0.0011815786771966824
0.5788497924804688,0.5769868493080139,472,0.0011067325285202961
0.5789511799812317,0.5772746205329895,473,0.0010340454501956949
0.5791897773742676,0.5774351954460144,474,0.0009635817588868157
0.57893306016922,0.5772100687026978,475,0.000895403451546571
0.5791856646537781,0.5774074196815491,476,0.0008295701488664663
0.5792593359947205,0.5775887370109558,477,0.0007661390411845
0.5791261196136475,0.577389121055603,478,0.0007051648368995788
0.5790808200836182,0.5772895216941833,479,0.0006466997134385741
0.5791339874267578,0.5774427056312561,480,0.0005907932708190873
0.5791704654693604,0.5775241851806641,481,0.0005374924878487698
0.5790635943412781,0.5774169564247131,482,0.0004868416809989909
0.5790587067604065,0.577324390411377,483,0.00043888246598816394
0.5794366598129272,0.5776786208152771,484,0.000393653722107277
0.5791794061660767,0.5775113105773926,485,0.0003511915593172191
0.5794119834899902,0.5776983499526978,486,0.0003115292881449943
0.5792649388313293,0.5775521397590637,487,0.0002746973924027787
0.5791307091712952,0.5773708820343018,488,0.00024072350475125366
0.5791165232658386,0.5774111151695251,489,0.00020963238512549753
0.5790634155273438,0.5773714780807495,490,0.00018144590203914476
0.5790696740150452,0.5773566365242004,491,0.00015618301677939735
0.5791647434234619,0.5774409174919128,492,0.00013385977050276072
0.5790107250213623,0.5773217678070068,493,0.00011448927423846135
0.5791258811950684,0.5774124264717102,494,9.808170180352747e-05
0.5791630744934082,0.5774566531181335,495,8.464428563078987e-05
0.5790624022483826,0.5773864388465881,496,7.418131550801999e-05
0.5790809392929077,0.5773735046386719,497,6.669414022369283e-05
0.5790963768959045,0.577400803565979,498,6.21811721118935e-05
0.5790379643440247,0.5773424506187439,499,6.063789448611847e-05
0.5790776014328003,0.5773746967315674,500,6.205687194884149e-05
0.5790541768074036,0.5773218870162964,501,6.64277635609292e-05
0.5790649652481079,0.5773411989212036,502,7.373733885219012e-05
0.5791140198707581,0.5774188041687012,503,8.396949665158124e-05
0.5790992379188538,0.5773771405220032,504,9.710528671284093e-05
0.5791051387786865,0.5773902535438538,505,0.00011312293410864016
0.5790890455245972,0.577366828918457,506,0.00013199786636360674
0.5792505145072937,0.5775477886199951,507,0.00015370274329402228
0.5790183544158936,0.5773180723190308,508,0.0001782074895192683
0.5789815187454224,0.5772743225097656,509,0.00020547932960766988
0.579262375831604,0.5775973200798035,510,0.00023548282581669415
0.5791645646095276,0.5774007439613342,511,0.00026817991838518925
0.5794628858566284,0.5776769518852234,512,0.0003035299683326607
0.5791352391242981,0.5774420499801636,513,0.0003414898027184752
0.5794382691383362,0.5777168869972229,514,0.0003820137623112748
0.5789470672607422,0.577236533164978,515,0.0004250537516168716
0.5790605545043945,0.5773286819458008,516,0.0004705592912104028
0.5792710781097412,0.5775743126869202,517,0.0005184775723166037
0.5793578624725342,0.5775958895683289,518,0.000568753513579801
0.5791656374931335,0.5773261785507202,519,0.0006213298199631628
0.5791065096855164,0.5775186419487,520,0.0006761470437149597
0.5791177153587341,0.5774404406547546,521,0.0007331436473373623
0.5789554715156555,0.577193021774292,522,0.0007922560684918211
0.5798680186271667,0.5781485438346863,523,0.0008534187867728994
0.5795332193374634,0.5777789354324341,524,0.0009165643922811349
0.5791265964508057,0.5773932337760925,525,0.0009816236559234558
0.5789017081260681,0.5771691799163818,526,0.0010485256013684815
0.5790583491325378,0.577190101146698,527,0.0011171975785823312
0.5797869563102722,0.5780996084213257,528,0.0011875653388691207
0.579611599445343,0.577842116355896,529,0.0012595531113392836
0.5793501734733582,0.5773500800132751,530,0.0013330836807271475
0.5791411399841309,0.5773791074752808,531,0.001408078466478528
0.5803287625312805,0.5786160826683044,532,0.0014844576030274943
0.5793298482894897,0.5775931477546692,533,0.001562140021180964
0.5795049667358398,0.5778467655181885,534,0.0016410435305283366
0.5793456435203552,0.5777740478515625,535,0.0017210849027929987
0.5795276165008545,0.5777803063392639,536,0.0018021799560414796
0.5793789029121399,0.5776270627975464,537,0.0018842436396653366
0.5796372890472412,0.5780391693115234,538,0.0019671901200505955
0.5789864659309387,0.5773776173591614,539,0.002050932866848529
0.5802786350250244,0.5786522030830383,540,0.0021353847397617425
0.579517126083374,0.5777971744537354,541,0.0022204580757585702
0.580150842666626,0.5785632133483887,542,0.002306064776629178
0.5789218544960022,0.5772671699523926,543,0.002392116396795965
0.5802503824234009,0.5786319971084595,544,0.0024785242312913543
0.5785772204399109,0.5767478942871094,545,0.002565199403815701
0.5788394808769226,0.5772262811660767,546,0.002652052954788173
0.5813920497894287,0.5800827741622925,547,0.00273899592930395
0.5803965330123901,0.5788729190826416,548,0.00282593946491083
0.5803440809249878,0.5786336064338684,549,0.002912794879119291
0.579092264175415,0.5775120258331299,550,0.002999473756559861
0.5798256993293762,0.5785403251647949,551,0.0030858880357027985
0.5793582201004028,0.5777093768119812,552,0.003171950095055071
0.5804148316383362,0.5784497857093811,553,0.003257572838750909
0.5815739035606384,0.5800140500068665,554,0.00334266978145239
0.579477846622467,0.5778553485870361,555,0.0034271551324778784
0.5812548398971558,0.5792228579521179,556,0.003510943879076742
0.5803226828575134,0.578782320022583,557,0.0035939518687697794
0.5802975296974182,0.5783988833427429,558,0.0036760958906761954
0.5793638825416565,0.5776343941688538,559,0.003757293755748601
0.5793740749359131,0.5776146054267883,560,0.0038374643758393393
0.5794989466667175,0.577894389629364,561,0.003916527841522138
0.5796445608139038,0.5781813263893127,562,0.003994405498595076
0.5801266431808472,0.5786524415016174,563,0.00407102002319171
0.5794802308082581,0.5778254866600037,564,0.0041462954954293
0.5819018483161926,0.5801939368247986,565,0.0042201574715241
0.5805712342262268,0.5789057612419128,566,0.0042925330543058336
0.5804111957550049,0.5783317685127258,567,0.004363350962064864
0.5803250670433044,0.5784962773323059,568,0.004432541595667386
0.5795376300811768,0.5779916644096375,569,0.004500037103876048
0.5792760252952576,0.5773738026618958,570,0.004565771446814883
0.5797390937805176,0.5782228112220764,571,0.004629680457519905
0.5789439678192139,0.5771547555923462,572,0.004691701901518153
0.580795407295227,0.5793492197990417,573,0.00475177553438062
0.5794880986213684,0.5778602957725525,574,0.004809843157196055
0.5816433429718018,0.5801572203636169,575,0.004865848669915281
0.5815687775611877,0.5795360207557678,576,0.004919738122517426
0.5795956254005432,0.5777139663696289,577,0.004971459763952101
0.5794760584831238,0.5779431462287903,578,0.005020964088813593
0.5804967284202576,0.5787880420684814,579,0.005068203881705482
0.5803350210189819,0.5786557197570801,580,0.005113134259256691
0.5801331996917725,0.5785220265388489,581,0.005155712709751979
0.5795350074768066,0.5777872800827026,582,0.005195899130342748
0.5802130699157715,0.5783155560493469,583,0.005233655861806079
0.5806460976600647,0.5784766674041748,584,0.005268947720822788
0.580382764339447,0.5783300399780273,585,0.005301742029747426
0.5806057453155518,0.579308807849884,586,0.0053320086438460035
0.5799583196640015,0.5781871676445007,587,0.005359719975979514
0.5819937586784363,0.5799974203109741,588,0.005384851018714081
0.5811017751693726,0.5798166990280151,589,0.0054073793638409985
0.5791751146316528,0.5773183107376099,590,0.0054272852192925975
0.5800634026527405,0.5784804821014404,591,0.00544455142344247
0.5798890590667725,0.5784702897071838,592,0.005459163456781117
0.5820411443710327,0.580487847328186,593,0.005471109450960807
0.5812938213348389,0.579952597618103,594,0.005480380195205911
0.5812705755233765,0.5795899629592896,595,0.005486969140087733
0.5816261172294617,0.5804278254508972,596,0.005490872398665274
0.5798720121383667,0.5782096982002258,597,0.005492088744996198
0.5813938975334167,0.5803293585777283,598,0.0054906196100246
0.5810664892196655,0.5795683860778809,599,0.005486469074854968
0.5815274715423584,0.5797315835952759,600,0.005479643861424159
0.5791957378387451,0.5774496793746948,601,0.005470153320585821
0.5799059271812439,0.5785994529724121,602,0.005458009417624144
0.5803093910217285,0.579074501991272,603,0.005443226715216461
0.5803750157356262,0.578317403793335,604,0.0054258223538665145
0.5828390121459961,0.5811614990234375,605,0.005405816029832833
0.5803027153015137,0.5786641240119934,606,0.005383229970578962
0.5803560018539429,0.5790497064590454,607,0.005358088907774753
0.5796993374824524,0.5783659219741821,608,0.005330420047880237
0.5818317532539368,0.5799712538719177,609,0.005300253040345957
0.5797959566116333,0.578309953212738,610,0.005267619943465906
0.5798810124397278,0.578197181224823,611,0.005232555187921438
0.5790643095970154,0.577558159828186,612,0.005195095538056798
0.579742968082428,0.5779898166656494,613,0.005155280050928958
0.5807873606681824,0.5793336033821106,614,0.005113150033176693
0.5811793208122253,0.5797028541564941,615,0.005068748995755724
0.5809121131896973,0.5793108940124512,616,0.005022122606589011
0.5795634388923645,0.5775148868560791,617,0.004973318641182901
0.58054119348526,0.5786327123641968,618,0.004922386931262141
0.5785756707191467,0.576768159866333,619,0.004869379311478238
0.5802911520004272,0.5785266160964966,620,0.0048143495642476875
0.5806275606155396,0.5786214470863342,621,0.004757353362778291
0.5799785256385803,0.5784430503845215,622,0.004698448212343261
0.5796899795532227,0.5781744718551636,623,0.004637693389864797
0.5806195735931396,0.5795412659645081,624,0.004575149881869869
0.5791937112808228,0.577867865562439,625,0.004510880320882973
0.5809671878814697,0.5795316696166992,626,0.004444948920321495
0.579093873500824,0.5773618817329407,627,0.004377421407961152
0.5801090002059937,0.5781768560409546,628,0.0043083649580398405
0.5793033838272095,0.5774171948432922,629,0.004237848122069795
0.5793041586875916,0.5777713656425476,630,0.004165940758428774
0.5803518295288086,0.5787156224250793,631,0.004092713960802254
0.5795559287071228,0.5778131484985352,632,0.004018239985549631
0.5813120007514954,0.5793091654777527,633,0.003942592178068077
0.579151451587677,0.5773569941520691,634,0.003865844898228944
0.5798380374908447,0.5783810615539551,635,0.0037880734449619417
0.5787221789360046,0.5770398378372192,636,0.003709353980063432
0.5797910094261169,0.5784372091293335,637,0.0036297634513053584
0.5801728367805481,0.5784979462623596,638,0.0035493795149223397
0.5798454880714417,0.5784907341003418,639,0.003468280457554405
0.5786464810371399,0.577114999294281,640,0.003386545117723749
0.5806954503059387,0.5788866877555847,641,0.0033042528069237268
0.5806750059127808,0.5792250037193298,642,0.003221483230398823
0.5796592235565186,0.5780265927314758,643,0.0031383164076944827
0.5786683559417725,0.5770424008369446,644,0.0030548325930554476
0.5802208781242371,0.5787696242332458,645,0.0029711121957517422
0.579987645149231,0.5783522129058838,646,0.0028872357004107955
0.5796485543251038,0.5779002904891968,647,0.00280328358743459
0.5806655287742615,0.5791420340538025,648,0.0027193362535799293
0.5796449780464172,0.5779823064804077,649,0.002635473932780164
0.5795919299125671,0.5782110095024109,650,0.0025517766172857355
0.5797259211540222,0.5778989195823669,651,0.0024683239792010277
0.5806953310966492,0.5790770649909973,652,0.002385195292493863
0.5798680782318115,0.5781679153442383,653,0.0023024693555540117
0.5792790651321411,0.5775250792503357,654,0.0022202244143756282
0.5799485445022583,0.5782482624053955,655,0.002138538086438593
0.5796241760253906,0.5778544545173645,656,0.0020574872853621868
0.580214262008667,0.5786596536636353,657,0.0019771481464041225
0.5794656276702881,0.5778951048851013,658,0.0018975959528764986
0.5798282027244568,0.5780609846115112,659,0.0018189050635497902
0.5795065760612488,0.5776685476303101,660,0.001741148841114294
0.5792139768600464,0.5775952339172363,661,0.001664399581767702
0.5792904496192932,0.5776108503341675,662,0.0015887284459957722
0.5791051983833313,0.577312171459198,663,0.0015142053906123585
0.5794879198074341,0.5778992772102356,664,0.0014408991021231797
0.5795076489448547,0.5776776075363159,665,0.0013688769314763117
0.5789878964424133,0.5772577524185181,666,0.0012982048302613274
0.5793278217315674,0.5775322318077087,667,0.001228947288416902
0.5794299840927124,0.5777996182441711,668,0.001161167273505524
0.5792682766914368,0.5775769352912903,669,0.001094926171611865
0.5793479084968567,0.577764630317688,670,0.0010302837299202069
0.5794931054115295,0.5777138471603394,671,0.0009672980010239755
0.5791707038879395,0.577533483505249,672,0.0009060252890190748
0.5792872309684753,0.5774890780448914,673,0.0008465200974304179
0.5792091488838196,0.5776636600494385,674,0.0007888350790196539
0.5793073177337646,0.5776235461235046,675,0.0007330209875197279
0.5794098377227783,0.577700674533844,676,0.0006791266313399535
0.5790321826934814,0.577297031879425,677,0.0006271988292835781
0.5789297819137573,0.5773031711578369,678,0.0005772823683173307
0.5789979696273804,0.5772585868835449,679,0.0005294199634306556
0.5789604187011719,0.5771123170852661,680,0.0004836522196199031
0.5792647004127502,0.5776803493499756,681,0.0004400175960309626
0.5792664885520935,0.5775241851806641,682,0.00039855237229123326
0.5791281461715698,0.5774319171905518,683,0.00035929061705991
0.5792917013168335,0.577578604221344,684,0.00032226415882303285
0.57909095287323,0.5773972272872925,685,0.00028750255895781653
0.5790815353393555,0.5773622989654541,686,0.0002550330870882105
0.5789822340011597,0.5773413777351379,687,0.00022488069875137013
0.5793485641479492,0.5776515603065491,688,0.00019706801539261023
0.5790518522262573,0.5773419737815857,689,0.00017161530670380197
0.5791621208190918,0.5774482488632202,690,0.0001485404753180427
0.5791094899177551,0.5774093270301819,691,0.00012785904387089688
0.5791184306144714,0.5773953199386597,692,0.00010958414443636495
0.5791515111923218,0.5774325132369995,693,9.372651034317407e-05
0.5791543126106262,0.5774369835853577,694,8.029447037473115e-05
0.5790860652923584,0.5773833990097046,695,6.929394535370224e-05
0.579081118106842,0.5773687362670898,696,6.072844710982564e-05
0.5791200995445251,0.5774163007736206,697,5.459907982720985e-05
0.579123854637146,0.5774160027503967,698,5.090454376501118e-05
0.5791415572166443,0.5774320363998413,699,4.96411413431099e-05
0.5790881514549255,0.5773735046386719,700,5.080278558202493e-05
0.5791501402854919,0.5774571299552917,701,5.4381010884037974e-05
0.5790824294090271,0.5773763060569763,702,6.0364986140214416e-05
0.579086422920227,0.5773761868476868,703,6.874153014572666e-05
0.5790615081787109,0.5773456692695618,704,7.949512930365507e-05
0.5792322754859924,0.5775314569473267,705,9.260795759522599e-05
0.5791063904762268,0.5773948431015015,706,0.00010805989879224293
0.5791895985603333,0.5774871706962585,707,0.00012582857088530735
0.5791307091712952,0.5774336457252502,708,0.0001458893526992763
0.5791565179824829,0.5774403810501099,709,0.00016821541266537075
0.5790185332298279,0.5772678256034851,710,0.0001927777397171581
0.5789908766746521,0.5772891640663147,711,0.00021954517627571088
0.5791544914245605,0.5774393081665039,712,0.00024848445328721976
0.5791828036308289,0.5774482488632202,713,0.0002795602272743661
0.5791758894920349,0.5774691104888916,714,0.00031273511936085857
0.579279899597168,0.5775576829910278,715,0.0003479697562266543
0.5793260335922241,0.5776100158691406,716,0.0003852228129496879
0.5793936252593994,0.5776138305664062,717,0.00042445105768790703
0.5791845321655273,0.5775165557861328,718,0.00046560939815396484
0.5789737105369568,0.5773597359657288,719,0.0005086509298330142
0.5787694454193115,0.5769917964935303,720,0.0005535269858926858
0.5789397954940796,0.5772256851196289,721,0.0006001871887324287
0.579151451587677,0.5774887800216675,722,0.000648579503118175
0.5792583227157593,0.5775777697563171,723,0.0006986502908467109
0.5790678858757019,0.5773529410362244,724,0.0007503443668827416
0.5789740681648254,0.5771611928939819,725,0.0008036050569102756
0.5790731310844421,0.5772610902786255,726,0.0008583742562386893
0.578704297542572,0.5771338939666748,727,0.0009145924900027842
0.5793426632881165,0.577817440032959,728,0.0009721989745946044
0.5790908336639404,0.5774603486061096,729,0.0010311316802640775
0.579220175743103,0.5774423480033875,730,0.0010913273948243497
0.5789346694946289,0.5772039294242859,731,0.0011527217883967114
0.5797200798988342,0.5780161023139954,732,0.0012152494791291186
0.5794450640678406,0.5778285264968872,733,0.0012788440998215266
0.5789690017700195,0.5772383213043213,734,0.0013434383653905023
0.5792182087898254,0.5774639248847961,735,0.0014089641411048318
0.5792869925498962,0.5775700807571411,736,0.0014753525115232154
0.5792239904403687,0.577472984790802,737,0.0015425338500645914
0.5794773697853088,0.5777929425239563,738,0.0016104378891413477
0.5800295472145081,0.5782190561294556,739,0.00167899379078481
0.5795503258705139,0.5778975486755371,740,0.0017481302176924904
0.5792001485824585,0.5775967836380005,741,0.0018177754046261364
0.5790355801582336,0.577329695224762,742,0.0018878572300893787
0.5794642567634583,0.5777926445007324,743,0.0019583032882136597
0.5799064636230469,0.5780346393585205,744,0.002029040960781101
0.5791557431221008,0.5773977637290955,745,0.0020999974893130082
0.5796524882316589,0.5776605606079102,746,0.002171100047152694
0.5806586146354675,0.5789117813110352,747,0.0022422758114714254
0.5802769660949707,0.5786651372909546,748,0.002313452035126732
0.5799722075462341,0.5783828496932983,749,0.002384556118302363
0.5794328451156616,0.5778711438179016,750,0.0024555156798596158
0.5796753764152527,0.5781241059303284,751,0.0025262586283302216
0.5799618363380432,0.5783527493476868,752,0.0025967132324814794
0.5788877606391907,0.5770015716552734,753,0.0026668081913848187
0.5797939896583557,0.577980637550354,754,0.002736472703919597
0.5794881582260132,0.5778220891952515,755,0.002805636537644713
0.5796919465065002,0.5779162049293518,756,0.0028742300969713474
0.5800588726997375,0.5782212615013123,757,0.002942184490570934
0.580010175704956,0.5783275365829468,758,0.0030094315979532892
0.5804167985916138,0.578579843044281,759,0.003075904135150978
0.5796745419502258,0.5777191519737244,760,0.00314153571944683
0.579432487487793,0.5774497985839844,761,0.0032062609330825846
0.5793140530586243,0.5777761340141296,762,0.0032700153858878844
0.5803255438804626,0.5783644914627075,763,0.0033327357767699807
0.5799712538719177,0.5781475305557251,764,0.003394359954005736
0.5803306102752686,0.5783171653747559,765,0.0034548269742787152
0.5808029174804688,0.5787353515625,766,0.003514077160405822
0.5804567337036133,0.5787686109542847,767,0.003572052157698872
0.5803582668304443,0.5785835385322571,768,0.0036286949889084686
0.5802090167999268,0.5784125924110413,769,0.0036839501076985546
0.5795808434486389,0.5779081583023071,770,0.003737763450601981
0.5798520445823669,0.5783811807632446,771,0.0037900824874087784
0.5808306932449341,0.5793766975402832,772,0.0038408562699405245
0.5801885724067688,0.5788506865501404,773,0.0038900354791659123
0.5801194906234741,0.5785372853279114,774,0.003937572470614374
0.58048015832901,0.5792604088783264,775,0.003983421318046321
0.579526424407959,0.577684760093689,776,0.004027537855340306
0.5801759958267212,0.5783142447471619,777,0.004069879716559522
0.5801168084144592,0.5785490870475769,778,0.004110406374161507
0.5790717601776123,0.5775132179260254,779,0.004149079175317269
0.5798442959785461,0.5783174633979797,780,0.0041858613763076005
0.5790370106697083,0.577193021774292,781,0.004220718174966582
0.5793595314025879,0.5775344967842102,782,0.00425361674114415
0.5794611573219299,0.5781534314155579,783,0.004284526245161547
0.5794784426689148,0.5773898363113403,784,0.0043134178842357
0.5809163451194763,0.579268753528595,785,0.004340264906850415
0.5809733271598816,0.5790409445762634,786,0.004365042635054498
0.5813708901405334,0.5800452828407288,787,0.004387728484668887
0.5795580744743347,0.5782132148742676,788,0.00440830198338712
0.581604540348053,0.5796994566917419,789,0.0044267447867553595
0.5806185007095337,0.579068660736084,790,0.0044430406920205855
0.5803170800209045,0.578044593334198,791,0.004457175649837416
0.5802513360977173,0.5786252021789551,792,0.004469137773826403
0.5801947712898254,0.5784474611282349,793,0.004478917347978564
0.5798616409301758,0.5781518816947937,794,0.004486506831903215
0.5797123908996582,0.5781633853912354,795,0.0044919008639182165
0.5797275900840759,0.5781399607658386,796,0.004495096261983874
0.5817764401435852,0.5805234909057617,797,0.0044960920224839255
0.5805587768554688,0.57916659116745,798,0.00449488931685908
0.5802134275436401,0.5784611105918884,799,0.004491491486100751
0.5800461769104004,0.5783452987670898,800,0.004485904033114679
0.5810787677764893,0.5794563293457031,801,0.004478134612966253
0.5802428722381592,0.5784683227539062,802,0.004468193021021375
0.5822771191596985,0.5805158019065857,803,0.004456091178998795
0.5807907581329346,0.5791866779327393,804,0.004441843118951838
0.5822929739952087,0.5805348753929138,805,0.004425464965199494
0.5800327658653259,0.5784667134284973,806,0.004406974914228776
0.5797420740127563,0.5782809853553772,807,0.004386393212592262
0.5801282525062561,0.5788092017173767,808,0.0043637421328266085
0.5800585746765137,0.5783463716506958,809,0.0043390459474197994
0.5808692574501038,0.5793530344963074,810,0.004312330900856681
0.5795532464981079,0.5780929327011108,811,0.004283625179774248
0.580255925655365,0.5784926414489746,812,0.00425295888125988
0.5794265866279602,0.5782298445701599,813,0.0042203639793275535
0.5794813632965088,0.5777170658111572,814,0.004185874289608746
0.5801975131034851,0.5787855982780457,815,0.004149525432296434
0.5799015164375305,0.5782305598258972,816,0.004111354793382288
0.5795013904571533,0.5778747200965881,817,0.00407140148422866
0.5805752873420715,0.5787445306777954,818,0.004029706299518684
0.5792475342750549,0.5777458548545837,819,0.003986311673629144
0.5789876580238342,0.5768561363220215,820,0.003941261635472354
0.5800923109054565,0.5783098340034485,821,0.0038946017618546984
0.5807428956031799,0.5786640048027039,822,0.0038463791294007996
0.5806511640548706,0.5796291828155518,823,0.0037966422650936213
0.5803361535072327,0.5791403651237488,824,0.0037454410954820857
0.5803502202033997,0.578734815120697,825,0.003692826894609058
0.5796806812286377,0.5781782269477844,826,0.003638852230713516
0.5792892575263977,0.5778961777687073,827,0.0035835709117621175
0.5797626376152039,0.5780913233757019,828,0.0035270379298660863
0.5794963240623474,0.5775879621505737,829,0.0034693094046406715
0.5795679688453674,0.5781814455986023,830,0.003410442525565056
0.5796567797660828,0.5777307152748108,831,0.003350495493401636
0.5791009664535522,0.5773429274559021,832,0.003289527460734456
0.5792526602745056,0.5781939029693604,833,0.0032275984716870557
0.5804031491279602,0.5789738297462463,834,0.003164769400881081
0.5793204307556152,0.5775725245475769,835,0.0031011018916971963
0.5798248648643494,0.5778828859329224,836,0.00303665829390084
0.5790987014770508,0.5772954225540161,837,0.0029715016006954644
0.5794978141784668,0.5776016116142273,838,0.002905695385266622
0.579075276851654,0.5774054527282715,839,0.002839303736880541
0.5792070627212524,0.5773841738700867,840,0.0027723911966011355
0.5789380073547363,0.5777521133422852,841,0.0027050226926896054
0.5796447992324829,0.5779414176940918,842,0.0026372634757510505
0.580085813999176,0.5785134434700012,843,0.0025691790536926853
0.578732967376709,0.5770127773284912,844,0.002500835126558028
0.5794495940208435,0.5781258940696716,845,0.002432297521301863
0.5799753069877625,0.5785123705863953,846,0.002363632126570227
0.5788220167160034,0.5771809220314026,847,0.0022949048275499903
0.5795424580574036,0.5779703259468079,848,0.0022261814409520277
0.579053521156311,0.5772528052330017,849,0.002157527650191938
0.5792647004127502,0.5778113007545471,850,0.00208900894083192
0.5797080993652344,0.5779346227645874,851,0.0020206905363469624
0.5793419480323792,0.5776910185813904,852,0.0019526373342780606
0.5801692008972168,0.578609824180603,853,0.0018849138428347208
0.579547643661499,0.578000545501709,854,0.0018175841180084905
0.5795527696609497,0.5779660940170288,855,0.0017507117012584286
0.5795283913612366,0.5780532956123352,856,0.0016843595578289372
0.5793889164924622,0.5779348611831665,857,0.0016185900157595896
0.5794088244438171,0.577756404876709,858,0.001553464705645735
0.5794181823730469,0.5777007937431335,859,0.0014890445012077926
0.5795084834098816,0.5776597857475281,860,0.0014253894607263071
0.5789820551872253,0.5772246718406677,861,0.0013625587693988602
0.5790727734565735,0.5772465467453003,862,0.0013006106826738443
0.5792416334152222,0.5774745941162109,863,0.0012396024706150545
0.5795153975486755,0.5777826905250549,864,0.0011795903633499587
0.5786693692207336,0.576930582523346,865,0.0011206294976533829
0.579332709312439,0.5775731205940247,866,0.0010627738647169406
0.5786826610565186,0.5768889784812927,867,0.0010060762591534468
0.5791014432907104,0.5773972272872925,868,0.0009505882292841959
0.579272449016571,0.5773468613624573,869,0.0008963600287555716
0.5791845917701721,0.5775230526924133,870,0.0008434405695300546
0.5792480111122131,0.5775564312934875,871,0.0007918773762953075
0.579240620136261,0.5774819254875183,872,0.0007417165423335029
0.5788518190383911,0.5770555734634399,873,0.0006930026868915471
0.5790923833847046,0.577435314655304,874,0.0006457789140911321
0.5792214870452881,0.5774374008178711,875,0.0006000867734162991
0.5790838599205017,0.577523410320282,876,0.0005559662218142171
0.5792716145515442,0.5775448083877563,877,0.0005134555874433675
0.5794393420219421,0.5777400135993958,878,0.00047259153510164205
0.579310417175293,0.577513575553894,879,0.0004334090333651285
0.5790522694587708,0.5772810578346252,880,0.0003959413234665738
0.5790719389915466,0.5774112939834595,881,0.000360219889940747
0.5790591239929199,0.5773508548736572,882,0.00032627443306215535
0.5791360139846802,0.5773518085479736,883,0.00029413284309874865
0.579156219959259,0.57745760679245,884,0.0002638211764033898
0.579024076461792,0.577279269695282,885,0.00023536363336293232
0.5790548324584961,0.5772926807403564,886,0.00020878253822308667
0.5791558623313904,0.577441394329071,887,0.00018409832080514433
0.5790977478027344,0.5773783326148987,888,0.00016132950012883585
0.5791321396827698,0.5773974657058716,889,0.00014049266995368702
0.5791467428207397,0.5774260759353638,890,0.00012160248624931378
0.5789925456047058,0.5772587060928345,891,0.00010467165660316565
0.5791586637496948,0.5774513483047485,892,8.971093157224813e-05
0.5791440010070801,0.5774421691894531,893,7.672909798355801e-05
0.5790330767631531,0.577312171459198,894,6.573297418587952e-05
0.5790603160858154,0.5773566961288452,895,5.672740725376398e-05
0.5790780782699585,0.5773636698722839,896,4.971527214251467e-05
0.5790726542472839,0.5773599743843079,897,4.469747279115592e-05
0.5791028141975403,0.5774037837982178,898,4.167294516837016e-05
0.5790746212005615,0.5773695707321167,899,4.063866225452042e-05
0.5791265964508057,0.5774195194244385,900,4.158964095097859e-05
0.5791177749633789,0.5774142742156982,901,4.451895090608307e-05
0.5791113972663879,0.5774209499359131,902,4.9417725245181264e-05
0.5791140794754028,0.5774132609367371,903,5.627517319036924e-05
0.5790695548057556,0.5773736834526062,904,6.507859455368889e-05
0.5790892243385315,0.5773890614509583,905,7.581339608574022e-05
0.5791015625,0.577384352684021,906,8.846310965985083e-05
0.579157829284668,0.5774656534194946,907,0.00010300941227022461
0.5790725946426392,0.5773664712905884,908,0.00011943214782066035
0.5790092349052429,0.5773242115974426,909,0.0001377093506787734
0.5791449546813965,0.5774884819984436,910,0.00015781727096898833
0.5792669057846069,0.5775312185287476,911,0.00017973040157578878
0.5790452361106873,0.5773667097091675,912,0.00020342150682722381
0.5790822505950928,0.5774037837982178,913,0.00022886165282694378
0.5789405107498169,0.577189564704895,914,0.00025602023940162475
0.5790079236030579,0.5773231387138367,915,0.00028486503362891316
0.5792016983032227,0.577457845211029,916,0.00031536220490973287
0.579237163066864,0.5775798559188843,917,0.00034747636154717744
0.579018771648407,0.5773428678512573,918,0.0003811705887929911
0.5793302059173584,0.5775870084762573,919,0.0004164064883210204
0.5790683627128601,0.5774340629577637,920,0.0004531442190858884
0.5792504549026489,0.5775403380393982,921,0.0004913425395238755
0.5788776278495789,0.5771758556365967,922,0.0005309588510515238
0.5790278315544128,0.5773395299911499,923,0.0005719492428165727
0.5792983770370483,0.5775766372680664,924,0.0006142685376544489
0.5792861580848694,0.5775464773178101,925,0.000657870339202704
0.5792261958122253,0.5775094628334045,926,0.0007027070801243918
0.5792151093482971,0.5774282217025757,927,0.0007487300713907351
0.5791334509849548,0.5773632526397705,928,0.000795889552572202
0.5790697932243347,0.5775006413459778,929,0.0008441347430865199
0.5794513821601868,0.5778196454048157,930,0.0008934138943509282
0.57890784740448,0.5770427584648132,931,0.0009436743427854927
0.5786378979682922,0.5769619941711426,932,0.000994862563613574
0.5793839693069458,0.577590823173523,933,0.0010469242254045456
0.5795832276344299,0.5779750943183899,934,0.001099804245303632
0.5793408155441284,0.577639639377594,935,0.0011534468448928471
0.5792257785797119,0.5774928331375122,936,0.001207795606626839
0.5795074105262756,0.5777356028556824,937,0.0012627935307865437
0.5802453756332397,0.5785228610038757,938,0.0013183830928936151
0.5796199440956116,0.5779795050621033,939,0.0013745063015278814
0.5792079567909241,0.5775249004364014,940,0.0014311047564901827
0.579342782497406,0.5777041912078857,941,0.0014881197072522457
0.5794751644134521,0.5777086019515991,942,0.0015454921116354553
0.5786627531051636,0.5768661499023438,943,0.001603162694660275
0.5794947743415833,0.5779097080230713,944,0.0016610720075076477
0.5792068839073181,0.5773988366127014,945,0.0017191604865341742
0.5796718597412109,0.5780318975448608,946,0.0017773685122825628
0.5794738531112671,0.5776212811470032,947,0.0018356364684293332
0.5795531272888184,0.577877938747406,948,0.0018939048006114594
0.5799605250358582,0.5781987905502319,949,0.0019521140750743547
0.5793391466140747,0.5777697563171387,950,0.00201020503708351
0.5792584419250488,0.5777671933174133,951,0.0020681186690428323
0.5795731544494629,0.5778825879096985,952,0.0021257962482626536
0.5787134766578674,0.5769678354263306,953,0.0021831794043212253
0.5795401334762573,0.5781182646751404,954,0.002240210175964015
0.5799283385276794,0.5781516432762146,955,0.002296831067485329
0.5798802375793457,0.5783082246780396,956,0.0023529851045378646
0.5798239707946777,0.5780549049377441,957,0.0024086158893160906
0.5793221592903137,0.5777232050895691,958,0.002463667655060473
0.5808224081993103,0.5790920853614807,959,0.002518085319829836
0.5802345275878906,0.5782700777053833,960,0.002571814539490476
0.5807081460952759,0.5789733529090881,961,0.0026248017598711356
0.5797244310379028,0.5780361890792847,962,0.0026769942680342383
0.5792604088783264,0.5774334073066711,963,0.0027283402426143215
0.579481303691864,0.5776220560073853,964,0.00277878880317595
0.5789653062820435,0.5770941376686096,965,0.0028282900585444868
0.5796170234680176,0.578166663646698,966,0.002876795154063828
0.5796982645988464,0.5779867172241211,967,0.002924256317736821
0.5802193284034729,0.5784584879875183,968,0.0029706269052049085
0.5802300572395325,0.5782694220542908,969,0.0030158614435251093
0.5794700384140015,0.5776289701461792,970,0.003059915673703342
0.5797475576400757,0.5782532095909119,971,0.003102746591944677
0.5800277590751648,0.5782943964004517,972,0.003144312489582488
0.5798330903053284,0.5781455039978027,973,0.0031845729916495326
0.5797850489616394,0.5784555077552795,974,0.0032234890940557614
0.5790654420852661,0.5774698257446289,975,0.003261023199338864
0.5795369744300842,0.5778325796127319,976,0.003297139150955235
0.5816553235054016,0.5798479318618774,977,0.0033318022660802893
0.5794621109962463,0.5775776505470276,978,0.0033649793668888432
0.5802123546600342,0.5785037875175476,979,0.0033966388102876647
0.5821576714515686,0.5805987119674683,980,0.003426750516074043
0.5802615284919739,0.5782967209815979,981,0.003455285993495599
0.5799592733383179,0.5781750082969666,982,0.003482218366188387
0.5796718597412109,0.5781510472297668,983,0.0035075223954719927
0.5795353055000305,0.5779893398284912,984,0.003531174501981766
0.5803995132446289,0.5784375071525574,985,0.0035531527856202945
0.5794812440872192,0.5776671171188354,986,0.0035734370438117035
0.5807090997695923,0.5791170001029968,987,0.0035920087880442516
0.5795365571975708,0.5778148174285889,988,0.0036088512586882103
0.5796716213226318,0.5778385400772095,989,0.003623949438077929
0.58009272813797,0.5786740779876709,990,0.0036372900618485988
0.5813111662864685,0.5796632170677185,991,0.003648861628520077
0.5798128843307495,0.5781511068344116,992,0.0036586544073217413
0.581132173538208,0.5791807174682617,993,0.0036666604442542063
0.5791701674461365,0.5773618817329407,994,0.003672873566385469
0.5793155431747437,0.5778368711471558,995,0.0036772893843807193
0.5811737179756165,0.5797075033187866,996,0.003679905293266889
0.579642117023468,0.5776619911193848,997,0.003680720471434697
0.5807915329933167,0.5789814591407776,998,0.0036797358778827096
0.5797784328460693,0.5779954195022583,999,0.003676954247709637
0.5793761610984802,0.5779387354850769,1000,0.0036723800858628228
0.5801386833190918,0.5786491632461548,1001,0.003666019659152586
