5.036345958709717,5.011491298675537,1,0.00999
3.457446336746216,3.4528632164001465,2,0.009980010000000001
2.5990524291992188,2.5994980335235596,3,0.00997002999
2.04492449760437,2.046590805053711,4,0.00996005996001
1.6575114727020264,1.6620343923568726,5,0.00995009990004999
1.3753820657730103,1.3788750171661377,6,0.00994014980014994
1.170868992805481,1.1742091178894043,7,0.00993020965034979
1.017983317375183,1.0197067260742188,8,0.009920279440699441
0.906696617603302,0.90845787525177,9,0.009910359161258741
0.8192718625068665,0.8204705119132996,10,0.009900448802097483
0.7584933638572693,0.7593783140182495,11,0.009890548353295385
0.71100914478302,0.7120677828788757,12,0.00988065780494209
0.6775767803192139,0.6788727045059204,13,0.009870777147137147
0.6510526537895203,0.650292694568634,14,0.00986090636999001
0.6339684128761292,0.632979691028595,15,0.00985104546362002
0.6189577579498291,0.6187552809715271,16,0.0098411944181564
0.6107247471809387,0.6093625426292419,17,0.009831353223738242
0.6030065417289734,0.6021581292152405,18,0.009821521870514504
0.5992655158042908,0.5988975763320923,19,0.00981170034864399
0.5924188494682312,0.5914614796638489,20,0.009801888648295346
0.590232789516449,0.5886833667755127,21,0.00979208675964705
0.5879189968109131,0.586846649646759,22,0.009782294672887402
0.5857248902320862,0.584331214427948,23,0.009772512378214516
0.5853397250175476,0.5840440988540649,24,0.009762739865836301
0.5848948359489441,0.5834354758262634,25,0.009752977125970464
0.5860353112220764,0.5843181610107422,26,0.009743224148844494
0.5875532627105713,0.5869192481040955,27,0.009733480924695649
0.5828346610069275,0.58156418800354,28,0.009723747443770954
0.5824332237243652,0.5813121795654297,29,0.009714023696327182
0.5817273259162903,0.5796643495559692,30,0.009704309672630855
0.5827808380126953,0.5807044506072998,31,0.009694605362958224
0.5842907428741455,0.5828015208244324,32,0.009684910757595266
0.5844922661781311,0.5830798745155334,33,0.00967522584683767
0.5860267877578735,0.5845147371292114,34,0.009665550620990832
0.5840669274330139,0.5826073884963989,35,0.009655885070369841
0.5839135050773621,0.5822926759719849,36,0.009646229185299471
0.582175612449646,0.580857515335083,37,0.009636582956114172
0.5833045244216919,0.5817796587944031,38,0.009626946373158057
0.5819792151451111,0.5808208584785461,39,0.0096173194267849
0.5818978548049927,0.5803126096725464,40,0.009607702107358115
0.5821535587310791,0.5804328322410583,41,0.009598094405250756
0.5861533880233765,0.5841106176376343,42,0.009588496310845506
0.5810047388076782,0.5795932412147522,43,0.00957890781453466
0.5829371213912964,0.581631064414978,44,0.009569328906720125
0.5814676284790039,0.5796382427215576,45,0.009559759577813404
0.5814763307571411,0.5804178714752197,46,0.009550199818235591
0.5810278654098511,0.5788736343383789,47,0.009540649618417356
0.5832102298736572,0.5819560289382935,48,0.009531108968798939
0.5843167901039124,0.5830031633377075,49,0.00952157785983014
0.5818902254104614,0.5802280306816101,50,0.00951205628197031
0.581642210483551,0.5800188183784485,51,0.00950254422568834
0.5812065601348877,0.5797470211982727,52,0.009493041681462651
0.5830439925193787,0.581483006477356,53,0.009483548639781188
0.5828819274902344,0.5813077092170715,54,0.009474065091141407
0.5810379981994629,0.5799305438995361,55,0.009464591026050266
0.5821671485900879,0.5810105800628662,56,0.009455126435024216
0.5828567743301392,0.5811620950698853,57,0.009445671308589192
0.5838354229927063,0.5823159217834473,58,0.009436225637280603
0.5807251334190369,0.5795750021934509,59,0.009426789411643322
0.5811395049095154,0.5796443223953247,60,0.009417362622231678
0.5818026065826416,0.580787718296051,61,0.009407945259609446
0.5842269659042358,0.5824745297431946,62,0.009398537314349836
0.5798072814941406,0.5777982473373413,63,0.009389138777035486
0.582305371761322,0.5803611874580383,64,0.009379749638258451
0.5849478840827942,0.5836883783340454,65,0.009370369888620193
0.5841171741485596,0.5820932388305664,66,0.009360999518731573
0.5846027135848999,0.5828285217285156,67,0.009351638519212842
0.5820580720901489,0.5794692635536194,68,0.009342286880693629
0.5804523229598999,0.5792275071144104,69,0.009332944593812936
0.5816002488136292,0.5799331068992615,70,0.009323611649219122
0.5821096897125244,0.5803634524345398,71,0.009314288037569902
0.580947756767273,0.5796431303024292,72,0.009304973749532333
0.5815621614456177,0.5801160931587219,73,0.0092956687757828
0.5819408893585205,0.5804038047790527,74,0.009286373107007018
0.581845760345459,0.5802563428878784,75,0.00927708673390001
0.5832669138908386,0.5816497802734375,76,0.00926780964716611
0.5823662877082825,0.5808353424072266,77,0.009258541837518945
0.58085697889328,0.5796319246292114,78,0.009249283295681426
0.5816259384155273,0.5804083943367004,79,0.009240034012385745
0.5829610228538513,0.5821120142936707,80,0.009230793978373359
0.581100583076477,0.5796629190444946,81,0.009221563184394986
0.5828689336776733,0.5811035633087158,82,0.00921234162121059
0.5810307264328003,0.5797218084335327,83,0.00920312927958938
0.5809131860733032,0.5796846747398376,84,0.00919392615030979
0.5816070437431335,0.5808461904525757,85,0.00918473222415948
0.5836625099182129,0.5820839405059814,86,0.009175547491935322
0.5835437774658203,0.5815357565879822,87,0.009166371944443386
0.5798423886299133,0.5784159302711487,88,0.009157205572498942
0.5864742398262024,0.5849343538284302,89,0.009148048366926443
0.5818027257919312,0.5799555778503418,90,0.009138900318559516
0.584520161151886,0.5821917057037354,91,0.009129761418240956
0.5819810032844543,0.57990562915802,92,0.009120631656822715
0.5828508138656616,0.5813764333724976,93,0.009111511025165893
0.5815077424049377,0.5802395343780518,94,0.009102399514140727
0.5830812454223633,0.5806825160980225,95,0.009093297114626586
0.5838671922683716,0.5824763774871826,96,0.00908420381751196
0.5811708569526672,0.5798417925834656,97,0.009075119613694447
0.583532452583313,0.5820207595825195,98,0.009066044494080753
0.5837921500205994,0.582140326499939,99,0.009056978449586672
0.5822167992591858,0.5810871720314026,100,0.009047921471137085
0.5838401317596436,0.5822938084602356,101,0.009038873549665948
0.5795013904571533,0.5777758359909058,102,0.009029834676116281
0.5825282335281372,0.5814362168312073,103,0.009020804841440164
0.5804983377456665,0.5787352323532104,104,0.009011784036598724
0.5809494853019714,0.5798501372337341,105,0.009002772252562125
0.5845391750335693,0.5828153491020203,106,0.008993769480309563
0.582638680934906,0.5810422301292419,107,0.008984775710829253
0.5809023976325989,0.5799465775489807,108,0.008975790935118425
0.5817963480949402,0.580669641494751,109,0.008966815144183305
0.5796326994895935,0.5774227976799011,110,0.008957848329039121
0.5825027227401733,0.5806281566619873,111,0.008948890480710082
0.5813621878623962,0.5803590416908264,112,0.008939941590229372
0.5805327892303467,0.5787501335144043,113,0.008931001648639143
0.5837444067001343,0.5815165638923645,114,0.008922070646990504
0.5802162885665894,0.5779737830162048,115,0.008913148576343514
0.5802677273750305,0.5785502791404724,116,0.00890423542776717
0.5819113254547119,0.5801782011985779,117,0.008895331192339404
0.5825178623199463,0.5810884833335876,118,0.008886435861147065
0.5816640853881836,0.5800166130065918,119,0.008877549425285918
0.5827941298484802,0.5811173915863037,120,0.008868671875860632
0.5826854109764099,0.5806808471679688,121,0.008859803203984771
0.5800178647041321,0.5781695246696472,122,0.008850943400780787
0.5808014273643494,0.5791418552398682,123,0.008842092457380006
0.5831182599067688,0.5822181701660156,124,0.008833250364922626
0.5836336612701416,0.5810000896453857,125,0.008824417114557703
0.5825216174125671,0.5811581611633301,126,0.008815592697443145
0.5809685587882996,0.5789123773574829,127,0.008806777104745702
0.5827904939651489,0.5813349485397339,128,0.008797970327640956
0.5833175778388977,0.580877423286438,129,0.008789172357313316
0.5809726119041443,0.5792025923728943,130,0.008780383184956003
0.5810003280639648,0.579395592212677,131,0.008771602801771047
0.5802938938140869,0.578421413898468,132,0.008762831198969276
0.5802245140075684,0.5780266523361206,133,0.008754068367770306
0.5830531120300293,0.5807073712348938,134,0.008745314299402536
0.5815261602401733,0.5798404216766357,135,0.008736568985103135
0.5799346566200256,0.5780987739562988,136,0.008727832416118032
0.5819607973098755,0.5807844996452332,137,0.008719104583701913
0.5804235935211182,0.5786225199699402,138,0.008710385479118211
0.5821226835250854,0.5803452134132385,139,0.008701675093639094
0.5817021131515503,0.5804632902145386,140,0.008692973418545455
0.5812992453575134,0.5801318287849426,141,0.00868428044512691
0.5808252096176147,0.5789345502853394,142,0.008675596164681783
0.579853355884552,0.5780026316642761,143,0.008666920568517101
0.5797217488288879,0.577996551990509,144,0.008658253647948585
0.5806050896644592,0.5793951153755188,145,0.008649595394300637
0.5808625221252441,0.5790494084358215,146,0.008640945798906336
0.5861155390739441,0.5853825211524963,147,0.008632304853107429
0.5811504125595093,0.5796652436256409,148,0.008623672548254321
0.5807377696037292,0.5793049931526184,149,0.008615048875706067
0.580725371837616,0.5788118839263916,150,0.008606433826830361
0.5805931687355042,0.5781925916671753,151,0.008597827393003531
0.5821020007133484,0.581092119216919,152,0.008589229565610527
0.5838539004325867,0.582141101360321,153,0.008580640336044916
0.581167459487915,0.579856812953949,154,0.00857205969570887
0.5826360583305359,0.5805586576461792,155,0.008563487636013162
0.5800795555114746,0.5786097049713135,156,0.00855492414837715
0.5810317993164062,0.578984260559082,157,0.008546369224228773
0.5819616317749023,0.5809580087661743,158,0.008537822855004543
0.5815122723579407,0.5799111127853394,159,0.00852928503214954
0.581588864326477,0.5800784230232239,160,0.00852075574711739
0.5817791819572449,0.5795769095420837,161,0.008512234991370273
0.5812599062919617,0.579118013381958,162,0.008503722756378902
0.5788500308990479,0.5772519707679749,163,0.008495219033622523
0.5805832743644714,0.5788853168487549,164,0.008486723814588901
0.581118106842041,0.5793639421463013,165,0.008478237090774313
0.5825207233428955,0.5807266235351562,166,0.008469758853683538
0.5810198187828064,0.5790913701057434,167,0.008461289094829854
0.5818158984184265,0.5801451802253723,168,0.008452827805735025
0.5800041556358337,0.578258216381073,169,0.00844437497792929
0.58150714635849,0.5797733664512634,170,0.008435930602951362
0.5830401182174683,0.5809246897697449,171,0.00842749467234841
0.582883358001709,0.5813893675804138,172,0.008419067177676062
0.5818448662757874,0.5808570384979248,173,0.008410648110498386
0.5817444324493408,0.5797058939933777,174,0.008402237462387888
0.5807934999465942,0.5790430307388306,175,0.0083938352249255
0.5813913941383362,0.5794811248779297,176,0.008385441389700574
0.5804104208946228,0.5780685544013977,177,0.008377055948310874
0.5810428261756897,0.5792199373245239,178,0.008368678892362563
0.5817863941192627,0.579742968082428,179,0.0083603102134702
0.5824992656707764,0.5808342099189758,180,0.00835194990325673
0.5815346240997314,0.5806354880332947,181,0.008343597953353474
0.5817581415176392,0.5804985165596008,182,0.008335254355400121
0.5855114459991455,0.5840592384338379,183,0.008326919101044722
0.5811042785644531,0.5795597434043884,184,0.008318592181943677
0.580664873123169,0.5786288380622864,185,0.008310273589761732
0.5791661739349365,0.5775954127311707,186,0.008301963316171971
0.5841643214225769,0.5828225016593933,187,0.0082936613528558
0.5825375914573669,0.5812642574310303,188,0.008285367691502944
0.5830460786819458,0.5811398029327393,189,0.008277082323811441
0.5805994868278503,0.5790257453918457,190,0.008268805241487629
0.5802579522132874,0.578761875629425,191,0.008260536436246142
0.5834290385246277,0.5823176503181458,192,0.008252275899809897
0.5802028179168701,0.5788021087646484,193,0.008244023623910086
0.5834489464759827,0.5819790959358215,194,0.008235779600286177
0.5818905234336853,0.5807125568389893,195,0.008227543820685891
0.5812740921974182,0.5794287919998169,196,0.008219316276865205
0.5823962092399597,0.5815709829330444,197,0.00821109696058834
0.5803106427192688,0.5791804790496826,198,0.008202885863627753
0.5817362070083618,0.5807494521141052,199,0.008194682977764125
0.5815563797950745,0.5799164175987244,200,0.00818648829478636
0.5829063057899475,0.5813521146774292,201,0.008178301806491574
0.5815531611442566,0.5796284079551697,202,0.008170123504685082
0.5806032419204712,0.5799088478088379,203,0.008161953381180396
0.5821008086204529,0.5801981687545776,204,0.008153791427799215
0.5859386920928955,0.5845517516136169,205,0.008145637636371416
0.5805718898773193,0.579376757144928,206,0.008137491998735044
0.5820654630661011,0.5806020498275757,207,0.00812935450673631
0.5810883045196533,0.5794569253921509,208,0.008121225152229574
0.5816903114318848,0.5797557830810547,209,0.008113103927077344
0.5810049772262573,0.5792074799537659,210,0.008104990823150266
0.581429123878479,0.5802730917930603,211,0.008096885832327115
0.5805380344390869,0.5789383053779602,212,0.008088788946494788
0.5811997056007385,0.5791248679161072,213,0.008080700157548294
0.5818358063697815,0.5804967284202576,214,0.008072619457390745
0.5806779265403748,0.5792360901832581,215,0.008064546837933353
0.5811742544174194,0.5796067118644714,216,0.00805648229109542
0.5809782147407532,0.5794907808303833,217,0.008048425808804325
0.5821256637573242,0.5801844596862793,218,0.00804037738299552
0.5808494091033936,0.579198956489563,219,0.008032337005612525
0.5817301869392395,0.5799162983894348,220,0.008024304668606912
0.5816372632980347,0.5795828700065613,221,0.008016280363938305
0.5811486840248108,0.578872561454773,222,0.008008264083574367
0.5831665992736816,0.5809028148651123,223,0.008000255819490792
0.5815457701683044,0.5798091888427734,224,0.0079922555636713
0.5822204351425171,0.5808174014091492,225,0.00798426330810763
0.5800802707672119,0.5784482359886169,226,0.007976279044799523
0.5800157785415649,0.5778523087501526,227,0.007968302765754724
0.58035808801651,0.5785614848136902,228,0.00796033446298897
0.5828579664230347,0.581225574016571,229,0.007952374128525981
0.5804386734962463,0.5790395736694336,230,0.007944421754397456
0.5811575055122375,0.5794300436973572,231,0.007936477332643058
0.5804088115692139,0.5787256360054016,232,0.007928540855310416
0.582395076751709,0.5806863903999329,233,0.007920612314455105
0.5816734433174133,0.5802472233772278,234,0.007912691702140649
0.5805360674858093,0.579108476638794,235,0.007904779010438508
0.582348108291626,0.5808570981025696,236,0.00789687423142807
0.5801359415054321,0.5782920718193054,237,0.00788897735719664
0.5803905129432678,0.5784655213356018,238,0.007881088379839444
0.5818967223167419,0.5800867080688477,239,0.007873207291459605
0.5814360976219177,0.5799031257629395,240,0.007865334084168145
0.5790452361106873,0.5770636796951294,241,0.007857468750083977
0.5825139284133911,0.5812068581581116,242,0.007849611281333893
0.5802339911460876,0.5783501267433167,243,0.00784176167005256
0.5817656517028809,0.5796066522598267,244,0.007833919908382506
0.5830812454223633,0.5817004442214966,245,0.007826085988474124
0.5835530161857605,0.5817537307739258,246,0.00781825990248565
0.5822877883911133,0.5812423229217529,247,0.007810441642583164
0.5818564891815186,0.5798872709274292,248,0.007802631200940581
0.5812029242515564,0.5790199041366577,249,0.00779482856973964
0.5807843804359436,0.5793505907058716,250,0.0077870337411699
0.5810186862945557,0.5795634388923645,251,0.00777924670742873
0.5818584561347961,0.5797889232635498,252,0.007771467460721301
0.5805709958076477,0.5793729424476624,253,0.00776369599326058
0.5803305506706238,0.5790125727653503,254,0.007755932297267319
0.582295835018158,0.5809873938560486,255,0.007748176364970052
0.5795542597770691,0.5778095126152039,256,0.007740428188605083
0.5818740725517273,0.5800965428352356,257,0.007732687760416477
0.582365870475769,0.579450786113739,258,0.007724955072656061
0.5819059014320374,0.5802199840545654,259,0.007717230117583405
0.5812952518463135,0.5797840356826782,260,0.007709512887465821
0.5827673077583313,0.5812124609947205,261,0.007701803374578355
0.5816542506217957,0.579758882522583,262,0.007694101571203777
0.5817592144012451,0.579780638217926,263,0.007686407469632573
0.5822057723999023,0.5803772807121277,264,0.007678721062162941
0.5805296897888184,0.5794050097465515,265,0.007671042341100778
0.5824319124221802,0.5805880427360535,266,0.007663371298759677
0.5830845236778259,0.5820205211639404,267,0.007655707927460917
0.5812497735023499,0.5796133875846863,268,0.007648052219533456
0.5823544263839722,0.5803914070129395,269,0.007640404167313923
0.5806410908699036,0.5787410736083984,270,0.007632763763146609
0.5812256336212158,0.5796239376068115,271,0.007625130999383462
0.5818236470222473,0.5802958607673645,272,0.007617505868384079
0.57998126745224,0.5788500905036926,273,0.007609888362515695
0.582953155040741,0.5810660123825073,274,0.007602278474153179
0.5810640454292297,0.5786946415901184,275,0.007594676195679026
0.5829702019691467,0.5812557339668274,276,0.007587081519483347
0.5826769471168518,0.5812627077102661,277,0.007579494437963863
0.5803849697113037,0.5793007016181946,278,0.007571914943525899
0.5821579694747925,0.5806434154510498,279,0.007564343028582373
0.5795944929122925,0.5777847766876221,280,0.00755677868555379
0.5817298293113708,0.5796328186988831,281,0.007549221906868236
0.5798969864845276,0.578593373298645,282,0.007541672684961367
0.5813103318214417,0.5790767669677734,283,0.007534131012276406
0.5799857974052429,0.5787731409072876,284,0.007526596881264129
0.580747663974762,0.5793862342834473,285,0.0075190702843828654
0.5809782147407532,0.5789707899093628,286,0.007511551214098483
0.5822314023971558,0.5804030299186707,287,0.007504039662884384
0.5818004012107849,0.5800824761390686,288,0.0074965356232215
0.5795673727989197,0.5778420567512512,289,0.007489039087598279
0.5814706087112427,0.5798482298851013,290,0.007481550048510681
0.581865131855011,0.5805321931838989,291,0.00747406849846217
0.5802898406982422,0.5786890983581543,292,0.007466594429963708
0.580959141254425,0.5789250731468201,293,0.007459127835533744
0.5805653929710388,0.578874945640564,294,0.007451668707698211
0.5792158842086792,0.5778906941413879,295,0.007444217038990513
0.5808958411216736,0.5786575078964233,296,0.007436772821951522
0.5819833874702454,0.5806167721748352,297,0.00742933604912957
0.5801478624343872,0.578734278678894,298,0.007421906713080441
0.5798244476318359,0.5774881839752197,299,0.007414484806367361
0.5820950865745544,0.5801531076431274,300,0.007407070321560993
0.582094132900238,0.5803825855255127,301,0.007399663251239432
0.5813050270080566,0.5800021290779114,302,0.0073922635879881925
0.5785526633262634,0.57688307762146,303,0.007384871324400204
0.5794739723205566,0.5778282880783081,304,0.007377486453075804
0.5822123289108276,0.5805055499076843,305,0.007370108966622728
0.5801575779914856,0.5789416432380676,306,0.007362738857656106
0.5820869207382202,0.5803375840187073,307,0.00735537611879845
0.5798200368881226,0.5783517360687256,308,0.0073480207426796515
0.5805445313453674,0.578700602054596,309,0.0073406727219369715
0.580866277217865,0.5792621970176697,310,0.0073333320492150345
0.5826554894447327,0.5817887783050537,311,0.007325998717165819
0.5804710984230042,0.5786384344100952,312,0.007318672718448653
0.58062744140625,0.5791172385215759,313,0.007311354045730204
0.5836525559425354,0.5811890959739685,314,0.007304042691684474
0.5818370580673218,0.5797896385192871,315,0.007296738648992789
0.5819635391235352,0.579484760761261,316,0.007289441910343796
0.5823757648468018,0.5804694890975952,317,0.007282152468433452
0.5804157257080078,0.5780134797096252,318,0.007274870315965018
0.5811781883239746,0.579287588596344,319,0.007267595445649053
0.5801860094070435,0.5787135362625122,320,0.007260327850203404
0.582195520401001,0.5804386138916016,321,0.0072530675223532
0.582249104976654,0.5808229446411133,322,0.007245814454830846
0.5810050964355469,0.5793979167938232,323,0.007238568640376015
0.5811971426010132,0.5795334577560425,324,0.007231330071735639
0.5812529921531677,0.5798600912094116,325,0.007224098741663904
0.5810043215751648,0.5790832042694092,326,0.00721687464292224
0.5823581218719482,0.5812053084373474,327,0.007209657768279317
0.5802277326583862,0.5787726640701294,328,0.007202448110511038
0.5789046287536621,0.5769960880279541,329,0.007195245662400527
0.5790380835533142,0.5779446363449097,330,0.007188050416738126
0.5803185105323792,0.5787987112998962,331,0.007180862366321388
0.5788429379463196,0.5767765045166016,332,0.007173681503955066
0.5806137323379517,0.5788043737411499,333,0.0071665078224511115
0.5793461799621582,0.5775535106658936,334,0.00715934131462866
0.5816310048103333,0.5799720883369446,335,0.0071521819733140314
0.5796085596084595,0.5780931115150452,336,0.007145029791340718
0.58244389295578,0.5802569389343262,337,0.007137884761549377
0.5807942748069763,0.5792496800422668,338,0.0071307468767878275
0.5821773409843445,0.5804563164710999,339,0.0071236161299110395
0.5826390981674194,0.5806474685668945,340,0.007116492513781128
0.5818770527839661,0.5807140469551086,341,0.007109376021267347
0.5801593661308289,0.5788204669952393,342,0.00710226664524608
0.5810452103614807,0.5789878368377686,343,0.007095164378600834
0.5805875062942505,0.5785630941390991,344,0.0070880692142222335
0.5794851183891296,0.5779320597648621,345,0.007080981145008011
0.5801720023155212,0.5785307288169861,346,0.007073900163863003
0.5804639458656311,0.5788388252258301,347,0.00706682626369914
0.5821476578712463,0.5807527899742126,348,0.007059759437435441
0.5832518339157104,0.5815649032592773,349,0.007052699677998006
0.5813445448875427,0.5798578262329102,350,0.0070456469783200075
0.5803312659263611,0.578335165977478,351,0.007038601331341688
0.5803403854370117,0.5787479281425476,352,0.007031562730010346
0.5816609263420105,0.5798384547233582,353,0.007024531167280336
0.5809348821640015,0.5793529152870178,354,0.007017506636113055
0.5797350406646729,0.5781831741333008,355,0.007010489129476942
0.581605076789856,0.5796195268630981,356,0.007003478640347465
0.579538106918335,0.5780021548271179,357,0.006996475161707118
0.5824955105781555,0.5810270309448242,358,0.00698947868654541
0.5791721343994141,0.5778112411499023,359,0.006982489207858865
0.5807938575744629,0.5792346596717834,360,0.006975506718651006
0.5814867615699768,0.5801874995231628,361,0.006968531211932355
0.5804292559623718,0.5783795118331909,362,0.006961562680720423
0.580833375453949,0.5786805748939514,363,0.0069546011180397025
0.5816218852996826,0.5804071426391602,364,0.006947646516921663
0.580837070941925,0.5791069865226746,365,0.006940698870404741
0.5809071660041809,0.5790742039680481,366,0.006933758171534336
0.5796794295310974,0.5781506896018982,367,0.006926824413362802
0.5819815397262573,0.5801809430122375,368,0.006919897588949439
0.579801619052887,0.5776010751724243,369,0.0069129776913604895
0.5820472240447998,0.5797133445739746,370,0.006906064713669129
0.5804212689399719,0.5786628723144531,371,0.0068991586489554595
0.5804129242897034,0.578135073184967,372,0.006892259490306504
0.582831621170044,0.5807183384895325,373,0.006885367230816198
0.5812805891036987,0.5795599222183228,374,0.006878481863585382
0.5795656442642212,0.5778075456619263,375,0.006871603381721796
0.5805880427360535,0.5785109400749207,376,0.0068647317783400745
0.5803787112236023,0.5785800814628601,377,0.006857867046561735
0.5808554887771606,0.5794805288314819,378,0.006851009179515173
0.5798670649528503,0.5780856013298035,379,0.006844158170335657
0.5806673169136047,0.5793682932853699,380,0.006837314012165321
0.582051694393158,0.5813040733337402,381,0.006830476698153156
0.5804489254951477,0.5788440108299255,382,0.006823646221455003
0.5807557106018066,0.5796962976455688,383,0.006816822575233548
0.5800281167030334,0.5786562561988831,384,0.006810005752658314
0.5809534192085266,0.5791213512420654,385,0.006803195746905656
0.5805256366729736,0.5789470672607422,386,0.006796392551158751
0.5808549523353577,0.5790551900863647,387,0.006789596158607592
0.5803196430206299,0.5787586569786072,388,0.006782806562448984
0.5815243721008301,0.580406904220581,389,0.006776023755886535
0.5810046792030334,0.57895427942276,390,0.006769247732130649
0.5803239941596985,0.5788407325744629,391,0.0067624784843985175
0.5835689306259155,0.5817424654960632,392,0.006755716005914119
0.5797275304794312,0.5784693360328674,393,0.006748960289908205
0.581046462059021,0.579152524471283,394,0.006742211329618297
0.5813276171684265,0.5798384547233582,395,0.006735469118288678
0.5815566182136536,0.5799790024757385,396,0.00672873364917039
0.5802863240242004,0.5785057544708252,397,0.00672200491552122
0.5800569653511047,0.5785078406333923,398,0.006715282910605699
0.5796449184417725,0.5777871012687683,399,0.006708567627695093
0.581002950668335,0.5795232057571411,400,0.006701859060067398
0.5805870294570923,0.578403115272522,401,0.006695157201007331
0.5804294347763062,0.5792431235313416,402,0.006688462043806323
0.5834888219833374,0.5822771191596985,403,0.006681773581762517
0.5798337459564209,0.5785679817199707,404,0.006675091808180754
0.5808289051055908,0.5789017677307129,405,0.006668416716372573
0.5803122520446777,0.5784375667572021,406,0.0066617482996562
0.5810822248458862,0.5798570513725281,407,0.006655086551356544
0.5827032327651978,0.5811978578567505,408,0.006648431464805187
0.5801907181739807,0.5788226127624512,409,0.006641783033340382
0.5807608962059021,0.5787734985351562,410,0.006635141250307041
0.5814217925071716,0.5793560147285461,411,0.006628506109056734
0.5796464681625366,0.5779159665107727,412,0.006621877602947678
0.5799596309661865,0.5786659717559814,413,0.00661525572534473
0.5832170248031616,0.5817314386367798,414,0.006608640469619385
0.5797005295753479,0.5781392455101013,415,0.006602031829149766
0.5804042816162109,0.5790812373161316,416,0.006595429797320616
0.5802208781242371,0.5788698792457581,417,0.006588834367523295
0.580867350101471,0.5791686177253723,418,0.006582245533155772
0.5832277536392212,0.5820164680480957,419,0.006575663287622616
0.5803380012512207,0.5783557891845703,420,0.006569087624334993
0.5806265473365784,0.5784170031547546,421,0.0065625185367106575
0.5801761746406555,0.5785466432571411,422,0.006555956018173947
0.5790839791297913,0.5774155259132385,423,0.006549400062155773
0.5826871395111084,0.5808731317520142,424,0.006542850662093617
0.5799988508224487,0.5786824226379395,425,0.006536307811431523
0.5808583498001099,0.5800004601478577,426,0.006529771503620092
0.5808134078979492,0.5795077681541443,427,0.0065232417321164715
0.5807150602340698,0.5790642499923706,428,0.006516718490384355
0.5794282555580139,0.5776554942131042,429,0.006510201771893971
0.5793406367301941,0.5777205228805542,430,0.006503691570122077
0.5794920921325684,0.5780401229858398,431,0.006497187878551955
0.5818684697151184,0.5801032781600952,432,0.006490690690673403
0.5799942016601562,0.5779951810836792,433,0.00648419999998273
0.5818220376968384,0.58062344789505,434,0.006477715799982747
0.5803973078727722,0.5783540606498718,435,0.006471238084182764
0.5804808735847473,0.5781017541885376,436,0.006464766846098581
0.5794113874435425,0.5775774121284485,437,0.006458302079252483
0.5798080563545227,0.5783509612083435,438,0.006451843777173231
0.5816311836242676,0.5806146264076233,439,0.0064453919333960575
0.5827380418777466,0.5810267925262451,440,0.006438946541462661
0.5811952948570251,0.579853892326355,441,0.006432507594921199
0.5811548233032227,0.5795461535453796,442,0.006426075087326277
0.579947292804718,0.5780532360076904,443,0.006419649012238951
0.5798410773277283,0.5778658986091614,444,0.006413229363226712
0.5807337760925293,0.579109251499176,445,0.0064068161338634855
0.5795517563819885,0.5782597661018372,446,0.006400409317729622
0.5810678601264954,0.579126238822937,447,0.006394008908411892
0.5795656442642212,0.5779058933258057,448,0.00638761489950348
0.5799476504325867,0.5783277153968811,449,0.006381227284603976
0.5803412795066833,0.5785455107688904,450,0.006374846057319372
0.580904483795166,0.5794275999069214,451,0.006368471211262053
0.5827720165252686,0.5812610983848572,452,0.00636210274005079
0.580735981464386,0.5796703696250916,453,0.006355740637310739
0.5821221470832825,0.5806856751441956,454,0.006349384896673429
0.5805039405822754,0.5794072151184082,455,0.006343035511776755
0.580268383026123,0.5784343481063843,456,0.0063366924762649785
0.579972505569458,0.5782692432403564,457,0.006330355783788714
0.5800975561141968,0.5783205628395081,458,0.006324025428004925
0.5808067917823792,0.5783103108406067,459,0.006317701402576921
0.5795981287956238,0.5778941512107849,460,0.006311383701174344
0.5798877477645874,0.5779399871826172,461,0.006305072317473169
0.580830454826355,0.5789955854415894,462,0.006298767245155696
0.5813956260681152,0.5795145630836487,463,0.006292468477910541
0.5786393284797668,0.5773428678512573,464,0.00628617600943263
0.5804896354675293,0.5787975192070007,465,0.006279889833423197
0.5796274542808533,0.5777563452720642,466,0.0062736099435897735
0.5804325342178345,0.5787623524665833,467,0.006267336333646184
0.5810678601264954,0.579191267490387,468,0.006261068997312537
0.5803602933883667,0.578628420829773,469,0.006254807928315224
0.579766035079956,0.578191876411438,470,0.006248553120386909
0.5812268257141113,0.5798693895339966,471,0.0062423045672665226
0.5792521834373474,0.577263355255127,472,0.006236062262699256
0.580102801322937,0.5786563158035278,473,0.006229826200436557
0.5798847675323486,0.578423023223877,474,0.006223596374236121
0.5801921486854553,0.578376829624176,475,0.006217372777861885
0.580951988697052,0.5790287256240845,476,0.006211155405084023
0.5813289880752563,0.5796446204185486,477,0.006204944249678939
0.5813094973564148,0.5792599320411682,478,0.006198739305429261
0.5816993713378906,0.5796206593513489,479,0.006192540566123832
0.5795387029647827,0.578216016292572,480,0.006186348025557708
0.5806616544723511,0.5794776082038879,481,0.00618016167753215
0.5806840062141418,0.5797482132911682,482,0.006173981515854618
0.580685019493103,0.5783455967903137,483,0.006167807534338763
0.5838905572891235,0.5819195508956909,484,0.006161639726804425
0.5798923373222351,0.5784408450126648,485,0.00615547808707762
0.5814530253410339,0.5799750089645386,486,0.0061493226089905425
0.5811212658882141,0.5796036720275879,487,0.006143173286381552
0.5808756351470947,0.5791918039321899,488,0.00613703011309517
0.5792756676673889,0.5778181552886963,489,0.006130893082982075
0.5789715051651001,0.5773464441299438,490,0.006124762189899094
0.5801166892051697,0.5778185129165649,491,0.006118637427709194
0.5807934403419495,0.5791673064231873,492,0.006112518790281485
0.5802737474441528,0.5785472393035889,493,0.006106406271491204
0.5801535844802856,0.5787236094474792,494,0.006100299865219713
0.580525815486908,0.5789278149604797,495,0.006094199565354493
0.5819470882415771,0.5802863836288452,496,0.0060881053657891385
0.5800866484642029,0.5785009860992432,497,0.006082017260423349
0.5803886651992798,0.5790842771530151,498,0.006075935243162926
0.57875657081604,0.5772773027420044,499,0.006069859307919763
0.580009400844574,0.5788174867630005,500,0.006063789448611843
0.5791115760803223,0.5771506428718567,501,0.006057725659163231
0.5804986357688904,0.5785647034645081,502,0.006051667933504068
0.5806983113288879,0.5788933634757996,503,0.006045616265570563
0.5802372694015503,0.5782236456871033,504,0.006039570649304993
0.5805819034576416,0.5788388252258301,505,0.006033531078655688
0.5814865827560425,0.5798354148864746,506,0.006027497547577032
0.5836142897605896,0.5816226005554199,507,0.006021470050029455
0.5807502865791321,0.578831136226654,508,0.006015448579979425
0.5789961218833923,0.5772380828857422,509,0.006009433131399446
0.581502377986908,0.5801880955696106,510,0.006003423698268047
0.5820598006248474,0.5800625085830688,511,0.005997420274569778
0.5822901129722595,0.5807046294212341,512,0.005991422854295208
0.5807568430900574,0.5795177817344666,513,0.005985431431440913
0.581536054611206,0.5799078941345215,514,0.005979446000009472
0.5823923349380493,0.5812653303146362,515,0.005973466554009463
0.5814579725265503,0.57964688539505,516,0.005967493087455453
0.5796934366226196,0.5785543918609619,517,0.005961525594367998
0.5814142227172852,0.5793319940567017,518,0.00595556406877363
0.5803143382072449,0.5781342387199402,519,0.005949608504704856
0.5807444453239441,0.5795451998710632,520,0.0059436588962001515
0.5804676413536072,0.5790829062461853,521,0.005937715237303951
0.5796805620193481,0.5784187316894531,522,0.005931777522066648
0.581465482711792,0.5798830986022949,523,0.005925845744544581
0.5811823010444641,0.5795508623123169,524,0.005919919898800037
0.5803332328796387,0.5781331062316895,525,0.005913999978901237
0.5801166296005249,0.5785093307495117,526,0.005908085978922335
0.5805717706680298,0.5788012146949768,527,0.0059021778929434126
0.5814126133918762,0.5794971585273743,528,0.005896275715050469
0.5822397470474243,0.5802048444747925,529,0.005890379439335418
0.581200122833252,0.5789148211479187,530,0.005884489059896083
0.5801759362220764,0.5781421661376953,531,0.005878604570836186
0.5838211178779602,0.5824118852615356,532,0.00587272596626535
0.5798423290252686,0.5779341459274292,533,0.005866853240299085
0.5818502306938171,0.5805984139442444,534,0.005860986387058786
0.580489993095398,0.5788917541503906,535,0.005855125400671728
0.5814983248710632,0.5795393586158752,536,0.005849270275271056
0.5805745720863342,0.5787569284439087,537,0.005843421004995785
0.581194281578064,0.5797346830368042,538,0.005837577583990789
0.5795150995254517,0.5781345367431641,539,0.005831740006406798
0.581825315952301,0.580319881439209,540,0.005825908266400392
0.5800547003746033,0.5784903168678284,541,0.005820082358133991
0.582130491733551,0.5804190635681152,542,0.005814262275775857
0.5790823698043823,0.5776296854019165,543,0.005808448013500081
0.5821510553359985,0.5807535648345947,544,0.005802639565486581
0.5791164636611938,0.5773321986198425,545,0.005796836925921095
0.5793518424034119,0.5777618288993835,546,0.005791040088995174
0.5840674638748169,0.5829357504844666,547,0.005785249048906179
0.5811808705329895,0.57972252368927,548,0.005779463799857273
0.5809504389762878,0.5792769193649292,549,0.005773684336057416
0.5798155069351196,0.5782837867736816,550,0.0057679106517213585
0.5803532600402832,0.5792196393013,551,0.0057621427410696376
0.5797922611236572,0.5782460570335388,552,0.005756380598328568
0.5818612575531006,0.579838752746582,553,0.005750624217730239
0.583670973777771,0.5820567011833191,554,0.005744873593512509
0.5801602005958557,0.5785619020462036,555,0.005739128719918996
0.5822458863258362,0.5801376104354858,556,0.005733389591199078
0.5806439518928528,0.5791289806365967,557,0.005727656201607879
0.5811816453933716,0.5793335437774658,558,0.005721928545406272
0.5798230767250061,0.5782530307769775,559,0.005716206616860865
0.5795097947120667,0.5777302384376526,560,0.005710490410244004
0.5799013376235962,0.5784288644790649,561,0.0057047799198337605
0.5803084969520569,0.5788799524307251,562,0.005699075139913926
0.5809618830680847,0.579622745513916,563,0.0056933760647740125
0.5800094604492188,0.5783655047416687,564,0.005687682688709238
0.5831460356712341,0.5815029144287109,565,0.005681995006020529
0.5810778737068176,0.5794549584388733,566,0.005676313011014508
0.5810102820396423,0.5789365768432617,567,0.005670636698003494
0.5809125900268555,0.5790777206420898,568,0.005664966061305491
0.5797440409660339,0.578264057636261,569,0.005659301095244185
0.5794345736503601,0.5774795413017273,570,0.005653641794148941
0.5799862146377563,0.5785050988197327,571,0.0056479881523547925
0.5790272355079651,0.5772189497947693,572,0.005642340164202437
0.581113338470459,0.5796708464622498,573,0.005636697824038235
0.5797470211982727,0.5781638026237488,574,0.005631061126214197
0.5820525884628296,0.5805858373641968,575,0.005625430065087983
0.582154393196106,0.5801165699958801,576,0.0056198046350228945
0.5798326730728149,0.5779449343681335,577,0.005614184830387872
0.5795716047286987,0.5780577063560486,578,0.0056085706455574836
0.580830991268158,0.5791027545928955,579,0.005602962074911926
0.5805599093437195,0.5788901448249817,580,0.005597359112837014
0.5803841352462769,0.5788062214851379,581,0.005591761753724177
0.5796307325363159,0.5778761506080627,582,0.005586169991970452
0.5803534984588623,0.5784607529640198,583,0.005580583821978482
0.5807703137397766,0.5785970687866211,584,0.0055750032381565034
0.5804786682128906,0.578403651714325,585,0.005569428234918347
0.5807235836982727,0.5794467926025391,586,0.005563858806683429
0.5800015330314636,0.5782181024551392,587,0.005558294947876745
0.5820851922035217,0.5800972580909729,588,0.005552736652928868
0.5811920166015625,0.579922616481781,589,0.0055471839162759395
0.5792001485824585,0.5773372054100037,590,0.005541636732359663
0.5801098942756653,0.5785329341888428,591,0.005536095095627303
0.5799087285995483,0.5784904956817627,592,0.005530559000531676
0.58209627866745,0.580543577671051,593,0.0055250284415311445
0.5813134908676147,0.5799740552902222,594,0.005519503413089613
0.5812860131263733,0.5796055197715759,595,0.005513983909676523
0.5816447734832764,0.5804484486579895,596,0.005508469925766847
0.5798740983009338,0.5782113075256348,597,0.00550296145584108
0.5813995599746704,0.5803357362747192,598,0.005497458494385239
0.5810694098472595,0.579571545124054,599,0.005491961035890854
0.5815303921699524,0.5797345638275146,600,0.005486469074854963
0.5791966319084167,0.5774509906768799,601,0.005480982605780108
0.5799087882041931,0.5786025524139404,602,0.005475501623174328
0.5803139805793762,0.5790805816650391,603,0.005470026121551154
0.580378532409668,0.5783208012580872,604,0.005464556095429602
0.5828686952590942,0.581192135810852,605,0.005459091539334173
0.5803230404853821,0.578685462474823,606,0.0054536324477948385
0.5803760290145874,0.5790683627128601,607,0.005448178815347044
0.5797315239906311,0.5784034729003906,608,0.005442730636531697
0.5818949341773987,0.580034077167511,609,0.005437287905895165
0.579828679561615,0.5783427953720093,610,0.00543185061798927
0.5799115300178528,0.5782233476638794,611,0.005426418767371281
0.5790818333625793,0.5775905847549438,612,0.005420992348603909
0.579767644405365,0.5780203938484192,613,0.005415571356255305
0.5809113383293152,0.5794854760169983,614,0.005410155784899049
0.58133465051651,0.5798661112785339,615,0.00540474562911415
0.5810558199882507,0.5794683694839478,616,0.005399340883485036
0.5796807408332825,0.5776041150093079,617,0.005393941542601551
0.5807728171348572,0.5788437128067017,618,0.005388547601058949
0.578619658946991,0.5768142342567444,619,0.005383159053457889
0.5804843902587891,0.5787062644958496,620,0.005377775894404431
0.5808476209640503,0.5788156390190125,621,0.005372398118510027
0.5800969004631042,0.5785830616950989,622,0.0053670257203915165
0.579879879951477,0.5784245729446411,623,0.005361658694671125
0.5807991027832031,0.5797883868217468,624,0.005356297035976454
0.5793249011039734,0.5780155062675476,625,0.005350940738940478
0.5813424587249756,0.579923689365387,626,0.005345589798201537
0.5792831182479858,0.5775653719902039,627,0.0053402442084033355
0.5804173350334167,0.5784777998924255,628,0.0053349039641949324
0.5796287655830383,0.5777158141136169,629,0.005329569060230737
0.5798636674880981,0.5783481001853943,630,0.005324239491170507
0.5808843970298767,0.5792276263237,631,0.005318915251679337
0.5797520875930786,0.5779920816421509,632,0.005313596336427658
0.5819976329803467,0.5799577236175537,633,0.00530828274009123
0.5795189142227173,0.5777564644813538,634,0.005302974457351138
0.5801838040351868,0.5788102746009827,635,0.005297671482893787
0.5787885189056396,0.5771266222000122,636,0.005292373811410893
0.5800132751464844,0.578725278377533,637,0.005287081437599482
0.5803828239440918,0.5787105560302734,638,0.005281794356161882
0.580101490020752,0.578919529914856,639,0.0052765125618057206
0.5788314938545227,0.577365517616272,640,0.005271236049243915
0.5814140439033508,0.5795337557792664,641,0.005265964813194671
0.5813708305358887,0.580018937587738,642,0.0052606988483814765
0.5801498889923096,0.5785290598869324,643,0.005255438149533095
0.5789838433265686,0.5774356126785278,644,0.005250182711383562
0.5809665322303772,0.5797565579414368,645,0.005244932528672179
0.5806974172592163,0.5791390538215637,646,0.005239687596143507
0.5801584124565125,0.5782798528671265,647,0.005234447908547363
0.5813425779342651,0.5799164175987244,648,0.005229213460638815
0.5804035067558289,0.5787338614463806,649,0.0052239842471781765
0.5803917646408081,0.5791245698928833,650,0.005218760262930998
0.5807898640632629,0.5788492560386658,651,0.005213541502668067
0.5817704200744629,0.5802233219146729,652,0.0052083279611653995
0.5812122225761414,0.5797165036201477,653,0.005203119633204234
0.5800611972808838,0.5784024000167847,654,0.00519791651357103
0.5810820460319519,0.5793529152870178,655,0.005192718597057459
0.5814089775085449,0.5794335007667542,656,0.005187525878460402
0.5820125341415405,0.5805155038833618,657,0.005182338352581941
0.5800736546516418,0.5784574151039124,658,0.005177156014229359
0.581410825252533,0.579578697681427,659,0.005171978858215129
0.5806721448898315,0.5784782767295837,660,0.005166806879356914
0.5795462727546692,0.5778748989105225,661,0.005161640072477557
0.5806912779808044,0.5788852572441101,662,0.0051564784324050796
0.579782247543335,0.5780256986618042,663,0.005151321953972675
0.5800747275352478,0.5784600377082825,664,0.005146170632018702
0.5801951289176941,0.5782662034034729,665,0.005141024461386683
0.5797742009162903,0.5783290863037109,666,0.005135883436925296
0.5804643034934998,0.5785099864006042,667,0.005130747553488371
0.5808903574943542,0.5791608095169067,668,0.005125616805934883
0.5806859731674194,0.5789810419082642,669,0.005120491189128947
0.5805959105491638,0.5793611407279968,670,0.005115370697939818
0.5813002586364746,0.5796472430229187,671,0.005110255327241878
0.5805493593215942,0.5786897540092468,672,0.005105145071914636
0.5818235278129578,0.5799080729484558,673,0.005100039926842721
0.5798691511154175,0.5787486433982849,674,0.005094939886915878
0.580406129360199,0.5787856578826904,675,0.005089844947028963
0.5816093683242798,0.5797173380851746,676,0.005084755102081934
0.5803189873695374,0.578419029712677,677,0.005079670346979852
0.5787167549133301,0.5771740078926086,678,0.005074590676632872
0.5797407627105713,0.5782994031906128,679,0.005069516085956239
0.5805368423461914,0.578542947769165,680,0.005064446569870283
0.580837070941925,0.5798866748809814,681,0.005059382123300413
0.579978883266449,0.5782065987586975,682,0.005054322741177112
0.580594003200531,0.5787407159805298,683,0.005049268418435934
0.5809143781661987,0.5792585611343384,684,0.005044219150017498
0.5796372294425964,0.5782373547554016,685,0.005039174930867481
0.5806487798690796,0.5790201425552368,686,0.005034135755936613
0.580705463886261,0.5795201659202576,687,0.005029101620180676
0.5814905762672424,0.5800604224205017,688,0.005024072518560496
0.5809595584869385,0.5793590545654297,689,0.005019048446041935
0.5794385075569153,0.5776710510253906,690,0.005014029397595893
0.5799465179443359,0.5786001086235046,691,0.005009015368198298
0.5810028910636902,0.5795771479606628,692,0.005004006352830099
0.5799277424812317,0.5782731175422668,693,0.004999002346477269
0.579470694065094,0.5776399970054626,694,0.004994003344130792
0.5798066854476929,0.5781850218772888,695,0.004989009340786661
0.5806567668914795,0.5787613987922668,696,0.004984020331445875
0.5806735754013062,0.5792354941368103,697,0.0049790363111144285
0.5815407633781433,0.5797168016433716,698,0.004974057274803314
0.5821892023086548,0.5803424119949341,699,0.004969083217528511
0.580636739730835,0.5787643194198608,700,0.004964114134310982
0.5797113180160522,0.5783953070640564,701,0.004959150020176671
0.5807132720947266,0.5790129899978638,702,0.004954190870156494
0.5798542499542236,0.5778293013572693,703,0.004949236679286338
0.5795000195503235,0.5779998302459717,704,0.004944287442607052
0.5794860124588013,0.5779486894607544,705,0.004939343155164445
0.5800049901008606,0.5783119797706604,706,0.0049344038120092805
0.5806261301040649,0.5789086818695068,707,0.004929469408197271
0.5808650851249695,0.5791615843772888,708,0.004924539938789074
0.5802245140075684,0.5780729651451111,709,0.004919615398850285
0.5793750882148743,0.577370822429657,710,0.004914695783451435
0.5796693563461304,0.57806396484375,711,0.004909781087667983
0.5810477137565613,0.5795912742614746,712,0.004904871306580316
0.5811437368392944,0.5792117714881897,713,0.004899966435273735
0.5800922513008118,0.5784485340118408,714,0.004895066468838461
0.5810413956642151,0.5792890191078186,715,0.0048901714023696224
0.5799664258956909,0.5782489776611328,716,0.004885281230967253
0.5805706977844238,0.5787537693977356,717,0.004880395949736286
0.5814509391784668,0.5796601176261902,718,0.00487551555378655
0.5803503394126892,0.5787566304206848,719,0.004870640038232763
0.5791035294532776,0.5773731470108032,720,0.00486576939819453
0.5792132616043091,0.5774123072624207,721,0.004860903628796336
0.5797446966171265,0.5779789090156555,722,0.004856042725167539
0.5804597735404968,0.5791938900947571,723,0.004851186682442372
0.5797238945960999,0.577842652797699,724,0.00484633549575993
0.5790247321128845,0.5771816372871399,725,0.00484148916026417
0.5802603960037231,0.5784422159194946,726,0.004836647671103905
0.5789437294006348,0.577374279499054,727,0.004831811023432802
0.5808839201927185,0.579892098903656,728,0.004826979212409369
0.5797415375709534,0.5782197713851929,729,0.00482215223319696
0.5803936123847961,0.5783154368400574,730,0.0048173300809637625
0.5800964832305908,0.578446626663208,731,0.004812512750882798
0.5813207030296326,0.579714834690094,732,0.004807700238131916
0.5809333324432373,0.5797703266143799,733,0.004802892537893784
0.5800889134407043,0.5782293081283569,734,0.0047980896453558896
0.5795166492462158,0.5775584578514099,735,0.004793291555710534
0.5804314017295837,0.5787058472633362,736,0.004788498264154823
0.5798882842063904,0.5779794454574585,737,0.004783709765890668
0.5807046890258789,0.5792524814605713,738,0.004778926056124778
0.5810825824737549,0.5792449712753296,739,0.004774147130068653
0.5799282789230347,0.5783421993255615,740,0.004769372982938585
0.5796020030975342,0.5779168009757996,741,0.004764603609955646
0.5798495411872864,0.5782795548439026,742,0.0047598390063456905
0.5803033709526062,0.5788655877113342,743,0.004755079167339345
0.5817764401435852,0.5797638297080994,744,0.0047503240881720055
0.5797146558761597,0.5779939293861389,745,0.004745573764083834
0.5802415609359741,0.578048825263977,746,0.00474082819031975
0.5829408168792725,0.581298828125,747,0.0047360873621294305
0.5808385610580444,0.579200267791748,748,0.004731351274767301
0.580816388130188,0.5793041586875916,749,0.004726619923492534
0.5797345042228699,0.5782831311225891,750,0.004721893303569041
0.5805524587631226,0.5789965391159058,751,0.004717171410265472
0.5816153287887573,0.5802386999130249,752,0.004712454238855206
0.5790344476699829,0.5770188570022583,753,0.004707741784616351
0.5804219841957092,0.5786470770835876,754,0.004703034042831735
0.5798175930976868,0.5781511664390564,755,0.004698331008788903
0.5804953575134277,0.5787618160247803,756,0.004693632677780114
0.5805339217185974,0.5785611271858215,757,0.004688939045102334
0.5806487202644348,0.5790627002716064,758,0.004684250106057232
0.5810648798942566,0.5792374014854431,759,0.004679565855951175
0.5799100399017334,0.5780045986175537,760,0.0046748862900952235
0.579954981803894,0.5779234170913696,761,0.004670211403805128
0.5796614289283752,0.5782111287117004,762,0.004665541192401323
0.5810186266899109,0.5790770649909973,763,0.004660875651208921
0.5801316499710083,0.5782690048217773,764,0.004656214775557712
0.5812291502952576,0.5791770815849304,765,0.004651558560782154
0.5813396573066711,0.579277753829956,766,0.004646907002221372
0.5813148617744446,0.5796698927879333,767,0.004642260095219151
0.580845296382904,0.579054057598114,768,0.004637617835123932
0.5806243419647217,0.5787540674209595,769,0.004632980217288808
0.5798391699790955,0.5781609416007996,770,0.004628347237071519
0.580235481262207,0.5787912011146545,771,0.004623718889834448
0.581161379814148,0.5797227621078491,772,0.004619095170944614
0.5805251598358154,0.5792452096939087,773,0.004614476075773669
0.5803787708282471,0.5788126587867737,774,0.004609861599697895
0.5807542204856873,0.5796071887016296,775,0.0046052517380981975
0.5796375274658203,0.5777711868286133,776,0.0046006464863601
0.5804528594017029,0.5785725712776184,777,0.00459604583987374
0.5802669525146484,0.5787378549575806,778,0.0045914497940338665
0.5792284607887268,0.5777037143707275,779,0.004586858344239833
0.5799368023872375,0.5783966779708862,780,0.0045822714858955935
0.5790583491325378,0.577206552028656,781,0.004577689214409698
0.5795111656188965,0.577707827091217,782,0.004573111525195288
0.5795614719390869,0.5782880783081055,783,0.0045685384136700926
0.5796142816543579,0.5775017738342285,784,0.004563969875256422
0.5810223817825317,0.5793643593788147,785,0.004559405905381166
0.5810489654541016,0.5791128873825073,786,0.004554846499475785
0.5814458131790161,0.5801344513893127,787,0.004550291652976309
0.579590380191803,0.5782597661018372,788,0.004545741361323333
0.5816857218742371,0.5797800421714783,789,0.00454119561996201
0.5806764364242554,0.5791289806365967,790,0.004536654424342048
0.5803499817848206,0.5780732035636902,791,0.0045321177699177055
0.5802847743034363,0.5786612629890442,792,0.004527585652147788
0.5802252292633057,0.5784772634506226,793,0.00452305806649564
0.5798726677894592,0.5781623721122742,794,0.004518535008429144
0.579719066619873,0.578170657157898,795,0.004514016473420715
0.5797374844551086,0.5781496167182922,796,0.0045095024569472945
0.5817869305610657,0.5805351734161377,797,0.004504992954490347
0.5805627703666687,0.5791709423065186,798,0.004500487961535857
0.5802152156829834,0.5784628987312317,799,0.004495987473574321
0.5800465941429138,0.578345537185669,800,0.004491491486100747
0.581081748008728,0.5794593691825867,801,0.004486999994614646
0.5802475214004517,0.5784731507301331,802,0.004482512994620031
0.5822857618331909,0.5805243253707886,803,0.0044780304816254115
0.580798864364624,0.5791953206062317,804,0.004473552451143786
0.582310140132904,0.5805516242980957,805,0.0044690788986926425
0.5800461173057556,0.5784809589385986,806,0.00446460981979395
0.579746425151825,0.5782866477966309,807,0.0044601452099741565
0.5801395773887634,0.578826367855072,808,0.004455685064764183
0.580090343952179,0.5783794522285461,809,0.004451229379699419
0.5808994770050049,0.579388439655304,810,0.0044467781503197195
0.5796058773994446,0.5781533122062683,811,0.0044423313721694
0.5803220272064209,0.578557550907135,812,0.004437889040797231
0.5794568657875061,0.578275203704834,813,0.0044334511517564335
0.5795182585716248,0.577746570110321,814,0.004429017700604677
0.5803016424179077,0.578909158706665,815,0.004424588682904072
0.5799787640571594,0.578311562538147,816,0.004420164094221168
0.5796064138412476,0.5779708623886108,817,0.004415743930126947
0.5807619094848633,0.5789113640785217,818,0.004411328186196819
0.5792937278747559,0.5777857303619385,819,0.004406916858010622
0.5790321826934814,0.5768722295761108,820,0.004402509941152611
0.5802245736122131,0.5784329175949097,821,0.004398107431211459
0.5807938575744629,0.5787035226821899,822,0.004393709323780247
0.5810222625732422,0.5800462961196899,823,0.004389315614456467
0.5805323123931885,0.5793977379798889,824,0.004384926298842011
0.5805895924568176,0.5789588689804077,825,0.004380541372543169
0.5797899961471558,0.5782753825187683,826,0.004376160831170626
0.5793991088867188,0.5780505537986755,827,0.004371784670339455
0.5800443887710571,0.5783804655075073,828,0.0043674128856691155
0.5796452164649963,0.577691376209259,829,0.004363045472783446
0.5797478556632996,0.578441321849823,830,0.0043586824273106626
0.5799832344055176,0.5780282616615295,831,0.004354323744883352
0.5792603492736816,0.5775111317634583,832,0.004349969421138469
0.5794376134872437,0.5784526467323303,833,0.00434561945171733
0.5807799696922302,0.5794248580932617,834,0.004341273832265613
0.5796221494674683,0.5778631567955017,835,0.004336932558433347
0.5800897479057312,0.578056275844574,836,0.004332595625874914
0.5791217684745789,0.5772427916526794,837,0.004328263030249039
0.5800881385803223,0.5781223773956299,838,0.00432393476721879
0.579730749130249,0.5781005024909973,839,0.004319610832451571
0.5797039866447449,0.5778342485427856,840,0.0043152912216191195
0.5790687799453735,0.5780647397041321,841,0.0043109759303975
0.5804944038391113,0.5788215398788452,842,0.0043066649544671026
0.5807945132255554,0.5791944265365601,843,0.004302358289512635
0.579290509223938,0.5776110291481018,844,0.004298055931223122
0.5797218680381775,0.5785415768623352,845,0.004293757875291899
0.5804781913757324,0.5790207982063293,846,0.0042894641174166075
0.5789399743080139,0.5774260759353638,847,0.004285174653299191
0.5799732208251953,0.5784186124801636,848,0.0042808894786458915
0.5794281363487244,0.5775192975997925,849,0.004276608589167246
0.5795940160751343,0.5783543586730957,850,0.004272331980578079
0.5802645683288574,0.5784575939178467,851,0.004268059648597501
0.5797704458236694,0.5782653093338013,852,0.004263791588948903
0.5809200406074524,0.5794705152511597,853,0.004259527797359954
0.5801821947097778,0.5788120031356812,854,0.004255268269562594
0.5802735090255737,0.5788100361824036,855,0.004251013001293031
0.5800352692604065,0.5788121223449707,856,0.004246761988291738
0.5799270272254944,0.5785704851150513,857,0.004242515226303447
0.5798888206481934,0.5784643888473511,858,0.004238272711077144
0.5799703001976013,0.5781570076942444,859,0.004234034438366067
0.5810229182243347,0.5791788101196289,860,0.004229800403927701
0.5794781446456909,0.5777246356010437,861,0.004225570603523773
0.5800597071647644,0.5779744982719421,862,0.0042213450329202495
0.5793536305427551,0.5775057673454285,863,0.004217123687887329
0.5809391736984253,0.5789757370948792,864,0.004212906564199442
0.5786123871803284,0.576921284198761,865,0.004208693657635243
0.5798438787460327,0.5780767202377319,866,0.0042044849639776075
0.5790225863456726,0.577126145362854,867,0.00420028047901363
0.5794808864593506,0.5777385830879211,868,0.004196080198534616
0.580069899559021,0.5778475403785706,869,0.004191884118336081
0.5792114734649658,0.5777942538261414,870,0.004187692234217745
0.579916775226593,0.5778924226760864,871,0.004183504541983527
0.5797556042671204,0.5780680775642395,872,0.0041793210374415435
0.5793123841285706,0.577470600605011,873,0.004175141716404102
0.5785868763923645,0.5768532752990723,874,0.004170966574687698
0.5814571976661682,0.5796354413032532,875,0.0041667956081130105
0.5807213187217712,0.5793343782424927,876,0.004162628812504897
0.5799846649169922,0.578082799911499,877,0.0041584661836923924
0.5797980427742004,0.5780267715454102,878,0.0041543077175087
0.580718994140625,0.5784770846366882,879,0.004150153409791192
0.5791419148445129,0.5774614214897156,880,0.0041460032563814
0.5805488228797913,0.5789039134979248,881,0.004141857253125019
0.5797209143638611,0.5781893134117126,882,0.004137715395871894
0.5803269743919373,0.5781115889549255,883,0.004133577680476021
0.5808854103088379,0.5792056322097778,884,0.004129444102795545
0.5792651772499084,0.5772448182106018,885,0.004125314658692749
0.5803630948066711,0.5788534283638,886,0.004121189344034056
0.5815582275390625,0.5799757838249207,887,0.004117068154690023
0.5793295502662659,0.5777133703231812,888,0.004112951086535333
0.5792514681816101,0.5772659182548523,889,0.004108838135448797
0.5795238614082336,0.5778798460960388,890,0.004104729297313348
0.5792608261108398,0.5776177644729614,891,0.004100624568016035
0.5811959505081177,0.5789458751678467,892,0.004096523943448019
0.5806151032447815,0.5790780186653137,893,0.004092427419504571
0.5792354941368103,0.5778141021728516,894,0.004088334992085066
0.5792360305786133,0.5771308541297913,895,0.00408424665709298
0.5802686214447021,0.5783888697624207,896,0.0040801624104358876
0.5788364410400391,0.5772494673728943,897,0.004076082248025452
0.5785623788833618,0.5768578052520752,898,0.004072006165777426
0.5798003077507019,0.5781214833259583,899,0.004067934159611649
0.5795764327049255,0.5780441164970398,900,0.004063866225452037
0.5810722708702087,0.5797174572944641,901,0.0040598023592265855
0.5813868045806885,0.5799112319946289,902,0.004055742556867359
0.5804523229598999,0.5786371231079102,903,0.004051686814310491
0.5800390839576721,0.5784578919410706,904,0.00404763512749618
0.5791403651237488,0.5778001546859741,905,0.004043587492368684
0.5800617933273315,0.5781722664833069,906,0.004039543904876316
0.5808826088905334,0.5791478157043457,907,0.00403550436097144
0.5800984501838684,0.5789979100227356,908,0.004031468856610468
0.5804108381271362,0.5788769125938416,909,0.004027437387753858
0.5799227952957153,0.5784403085708618,910,0.004023409950366104
0.5805403590202332,0.5782542824745178,911,0.004019386540415738
0.5790567994117737,0.5772862434387207,912,0.004015367153875322
0.580414354801178,0.5787253975868225,913,0.0040113517867214465
0.579282283782959,0.5772116780281067,914,0.004007340434934725
0.5792989730834961,0.5779394507408142,915,0.00400333309449979
0.5813702344894409,0.5797166228294373,916,0.003999329761405291
0.5811971426010132,0.5797044038772583,917,0.003995330431643886
0.5793654918670654,0.5775864720344543,918,0.003991335101212242
0.5813786387443542,0.5795069932937622,919,0.00398734376611103
0.5798183679580688,0.578342080116272,920,0.003983356422344919
0.5802267789840698,0.5782349705696106,921,0.003979373065922574
0.5791608095169067,0.5772138833999634,922,0.003975393692856652
0.5794148445129395,0.5776994824409485,923,0.003971418299163795
0.5796558856964111,0.5777533054351807,924,0.003967446880864632
0.5804715752601624,0.5786809325218201,925,0.003963479433983767
0.5805768370628357,0.5789229273796082,926,0.003959515954549783
0.580498456954956,0.5787269473075867,927,0.003955556438595234
0.5794699192047119,0.5776407122612,928,0.003951600882156638
0.5792675018310547,0.5779041051864624,929,0.003947649281274481
0.5807697176933289,0.5794527530670166,930,0.003943701631993207
0.579564094543457,0.5776249170303345,931,0.003939757930361214
0.5785432457923889,0.5768247842788696,932,0.003935818172430852
0.5801083445549011,0.5783056616783142,933,0.0039318823542584215
0.5804475545883179,0.5788906812667847,934,0.003927950471904163
0.5800269842147827,0.5783734321594238,935,0.003924022521432259
0.5797202587127686,0.5781181454658508,936,0.003920098498910826
0.5805953145027161,0.5789152979850769,937,0.003916178400411916
0.5813626646995544,0.5796271562576294,938,0.0039122622220115035
0.5805405378341675,0.5791064500808716,939,0.003908349959789492
0.5795468688011169,0.57792067527771,940,0.0039044416098297026
0.5796605348587036,0.5780015587806702,941,0.003900537168219873
0.5797663927078247,0.5779709815979004,942,0.003896636631051653
0.5792257189750671,0.5774797797203064,943,0.0038927399944206015
0.579987108707428,0.5785495042800903,944,0.003888847254426181
0.5797901153564453,0.578008770942688,945,0.003884958407171755
0.5803885459899902,0.5788014531135559,946,0.0038810734487645833
0.5798744559288025,0.578075647354126,947,0.0038771923753158186
0.5799146294593811,0.5784004926681519,948,0.0038733151829405026
0.5804882049560547,0.5786824822425842,949,0.003869441867757562
0.5795321464538574,0.5780591368675232,950,0.003865572425889804
0.5797373652458191,0.5783270597457886,951,0.0038617068534639145
0.5799926519393921,0.5783197283744812,952,0.0038578451466104507
0.5788578987121582,0.5771123766899109,953,0.00385398730146384
0.5801130533218384,0.5788508653640747,954,0.003850133314162376
0.5804489850997925,0.5786710977554321,955,0.003846283180848214
0.5802083015441895,0.5786514282226562,956,0.0038424368976673656
0.5803158283233643,0.5784891843795776,957,0.0038385944607696983
0.5796548128128052,0.5781182646751404,958,0.0038347558663089287
0.5816671848297119,0.5798469185829163,959,0.0038309211104426196
0.5805947780609131,0.5786460041999817,960,0.003827090189332177
0.5816698670387268,0.5799686312675476,961,0.003823263099142845
0.5801272988319397,0.5784129500389099,962,0.003819439836043702
0.5794000029563904,0.5774814486503601,963,0.0038156203962076583
0.5798879265785217,0.5779778361320496,964,0.0038118047758114505
0.5790567994117737,0.5771147608757019,965,0.003807992971035639
0.5798630118370056,0.5784361362457275,966,0.0038041849780646037
0.5799640417098999,0.5782527923583984,967,0.003800380793086539
0.5806411504745483,0.5789058208465576,968,0.0037965804122934523
0.5804579257965088,0.5784627795219421,969,0.0037927838318811587
0.5796810388565063,0.57785964012146,970,0.0037889910480492775
0.579839825630188,0.5783700942993164,971,0.003785202057001228
0.5802870988845825,0.5785833597183228,972,0.0037814168549442266
0.5799291729927063,0.5782387256622314,973,0.0037776354380892824
0.5798555016517639,0.5785514116287231,974,0.003773857802651193
0.5791618824005127,0.5775601863861084,975,0.003770083944848542
0.5796145796775818,0.5779011845588684,976,0.0037663138609036933
0.5819265246391296,0.5801180601119995,977,0.0037625475470427897
0.5796015858650208,0.5776984095573425,978,0.003758784999495747
0.5803543925285339,0.5786533355712891,979,0.003755026214496251
0.5824071168899536,0.580841600894928,980,0.003751271188281755
0.5803665518760681,0.5783929824829102,981,0.003747519917093473
0.5800887942314148,0.5783067941665649,982,0.0037437723971763797
0.5797204971313477,0.5782187581062317,983,0.0037400286247792035
0.579582154750824,0.5780407190322876,984,0.0037362885961544244
0.5804377794265747,0.5784703493118286,985,0.0037325523075582697
0.5795390605926514,0.5777265429496765,986,0.0037288197552507113
0.5807688236236572,0.5791759490966797,987,0.0037250909354954605
0.5795517563819885,0.57783043384552,988,0.003721365844559965
0.5797237157821655,0.5778959393501282,989,0.003717644478715405
0.5801314115524292,0.5787185430526733,990,0.0037139268342366895
0.5813519358634949,0.579702615737915,991,0.0037102129074024527
0.5798195600509644,0.5781593322753906,992,0.0037065026944950504
0.5811505317687988,0.5791985392570496,993,0.0037027961918005554
0.5791751146316528,0.5773646831512451,994,0.003699093395608755
0.5793216228485107,0.5778436660766602,995,0.0036953943022131463
0.5811863541603088,0.5797210931777954,996,0.0036916989079109333
0.579645037651062,0.5776641964912415,997,0.0036880072090030224
0.5807946920394897,0.5789844393730164,998,0.0036843192017940196
0.5797792673110962,0.5779958963394165,999,0.0036806348825922253
0.5793771743774414,0.577940046787262,1000,0.0036769542477096333
0.5801395773887634,0.578650176525116,1001,0.0036732772934619236
